id,title,selftext,score,num_comments,text
1hwrul3,I recently started my own accessible shoe company that adds zippers to mainstream shoes!,,2146,141,I recently started my own accessible shoe company that adds zippers to mainstream shoes! 
1i6ilji,Autism doesn't make people throw Nazi salutes.,Since this seems to be a necessary PSA.,1639,75,Autism doesn't make people throw Nazi salutes. Since this seems to be a necessary PSA.
1maabdr,My best friend found me this button at a vintage store,,1460,53,My best friend found me this button at a vintage store 
1l438mf,Shoutout to all the disabled parents finding ways to adapt.,he loves falling asleep in the chair. ,1456,78,Shoutout to all the disabled parents finding ways to adapt. he loves falling asleep in the chair. 
1mf7zqm,Thought You Should Be Aware.,"Given that most of us are already in enough systems, I thought we should be aware of this info. Be safe, my friends.",1404,130,"Thought You Should Be Aware. Given that most of us are already in enough systems, I thought we should be aware of this info. Be safe, my friends."
1gt4e35,A not so gentle reminder that you have absolutely no clue what someone is going through.,,1306,91,A not so gentle reminder that you have absolutely no clue what someone is going through. 
1m8zsp8,"Just saw the best thing, have a good laugh today!",,1249,77,"Just saw the best thing, have a good laugh today! "
1mzfivx,"Today I paid $100 to be treated like a normal adult, and it was the best money I've ever spent","I have CP and use a wheelchair. Today I went to Discovery Place with someone who doesn't work for an agency, isn't a trained caregiver, and has zero disability awareness training. 

And that's exactly why it was perfect.

## Here's what DIDN'T happen today:

- Nobody grabbed my chair and started pushing without asking
- Nobody hovered over me ""just in case""
- Nobody spoke to me in that special voice reserved for children and disabled people
- Nobody called me ""brave"" for existing in public
- Nobody made decisions for me about where I could or couldn't go
- Nobody treated me like I was made of glass

## Here's what DID happen:

She ran after her kids through the museum. I had to haul ass across the entire place to keep up. My muscles actually got to WORK. I got to choose my own path, my own speed, my own direction. I existed in the group not as ""the disabled one"" but just as another adult trying to keep up with chaotic kids.

When I almost got hit by a car in the parking lot, she didn't rush over to save me. She just yelled ""MOVE TO THE RIGHT!"" Like she would to literally anyone about to walk into traffic. She assumed I had a functioning brain and could execute a simple instruction.

Do you understand how fucking RARE that is? To have someone assume competence as the default?

## The dessert moment that broke me:

At the restaurant, I ordered dessert. She looked at me and said ""Gordy would probably like this"" about her 4-year-old autistic child. We fed him bites. He ate 75% of my dessert (kid is a very picky eater). Every time I tried to take a bite, he'd open his mouth and make these hilarious noises. We were dying laughing.

Nobody accused me of being inappropriate with a child. Nobody monitored our interaction. Nobody made it weird. I just got to share cake with a kid who likes me. That's it. That's all. And it was everything.

## The fucked up part:

This person could NEVER work as my caregiver through an agency. Because what I need - someone who treats me as default capable - is literally against every protocol they have. The system would call her neglectful for not hovering, not helping, not constantly intervening.

But she gave me something no trained caregiver ever has: the dignity of being unremarkable.

I spent $100 today on museum tickets and lunch. But what I actually bought was a few hours of being treated like everyone else. Not special. Not inspiring. Not fragile. Just... a person who might need to move right when a car's coming.

## The real tragedy:

I'm sitting here grateful that someone yelled at me to get out of the way of a car instead of rushing to rescue me. I'm thankful that someone ""neglected"" to help me. I'm celebrating that nobody gave me special treatment.

This is where we're at, folks. The bar is so fucking low that basic human dignity feels revolutionary.

Some people get this by default. The rest of us have to strategize, pay for it, treasure it when we accidentally find it.

Today was remarkable because it was so utterly unremarkable. And I'm going to hold onto that feeling as long as I can.

---

**Edit to add:** I know some of you need more support and that's valid. I need support too - just not the infantilizing kind. What I need is someone who assumes I'm capable until I ask for help, not someone who assumes I'm helpless until I prove otherwise. There's a huge difference.

",1222,79,"Today I paid $100 to be treated like a normal adult, and it was the best money I've ever spent I have CP and use a wheelchair. Today I went to Discovery Place with someone who doesn't work for an agency, isn't a trained caregiver, and has zero disability awareness training. 

And that's exactly why it was perfect.

## Here's what DIDN'T happen today:

- Nobody grabbed my chair and started pushing without asking
- Nobody hovered over me ""just in case""
- Nobody spoke to me in that special voice reserved for children and disabled people
- Nobody called me ""brave"" for existing in public
- Nobody made decisions for me about where I could or couldn't go
- Nobody treated me like I was made of glass

## Here's what DID happen:

She ran after her kids through the museum. I had to haul ass across the entire place to keep up. My muscles actually got to WORK. I got to choose my own path, my own speed, my own direction. I existed in the group not as ""the disabled one"" but just as another adult trying to keep up with chaotic kids.

When I almost got hit by a car in the parking lot, she didn't rush over to save me. She just yelled ""MOVE TO THE RIGHT!"" Like she would to literally anyone about to walk into traffic. She assumed I had a functioning brain and could execute a simple instruction.

Do you understand how fucking RARE that is? To have someone assume competence as the default?

## The dessert moment that broke me:

At the restaurant, I ordered dessert. She looked at me and said ""Gordy would probably like this"" about her 4-year-old autistic child. We fed him bites. He ate 75% of my dessert (kid is a very picky eater). Every time I tried to take a bite, he'd open his mouth and make these hilarious noises. We were dying laughing.

Nobody accused me of being inappropriate with a child. Nobody monitored our interaction. Nobody made it weird. I just got to share cake with a kid who likes me. That's it. That's all. And it was everything.

## The fucked up part:

This person could NEVER work as my caregiver through an agency. Because what I need - someone who treats me as default capable - is literally against every protocol they have. The system would call her neglectful for not hovering, not helping, not constantly intervening.

But she gave me something no trained caregiver ever has: the dignity of being unremarkable.

I spent $100 today on museum tickets and lunch. But what I actually bought was a few hours of being treated like everyone else. Not special. Not inspiring. Not fragile. Just... a person who might need to move right when a car's coming.

## The real tragedy:

I'm sitting here grateful that someone yelled at me to get out of the way of a car instead of rushing to rescue me. I'm thankful that someone ""neglected"" to help me. I'm celebrating that nobody gave me special treatment.

This is where we're at, folks. The bar is so fucking low that basic human dignity feels revolutionary.

Some people get this by default. The rest of us have to strategize, pay for it, treasure it when we accidentally find it.

Today was remarkable because it was so utterly unremarkable. And I'm going to hold onto that feeling as long as I can.

---

**Edit to add:** I know some of you need more support and that's valid. I need support too - just not the infantilizing kind. What I need is someone who assumes I'm capable until I ask for help, not someone who assumes I'm helpless until I prove otherwise. There's a huge difference.

"
1mqk6pi,"♿️If you’re gonna make something wheelchair accessible, don’t make it a thing!",,1227,113,"♿️If you’re gonna make something wheelchair accessible, don’t make it a thing! "
1j6woww,"Ableism is everywhere, guys. She wouldn't let me use the bathroom","It took her like 20min to finally move. Even after I tried gently prodding her with my foot, she had the AUDACITY to just roll over and start purring lol",1199,70,"Ableism is everywhere, guys. She wouldn't let me use the bathroom It took her like 20min to finally move. Even after I tried gently prodding her with my foot, she had the AUDACITY to just roll over and start purring lol"
1fd9d91,"""You're on disability? Let me guess, depression and anxiety?""","I've heard this comment before and it bothers me a lot. 

I was originally put on disability for such severe PTSD I was considered unable to be alone or independent. I expected to work on myself and get off it. And I am... Except now I'm on disability for a permanent physical disability. 

Neither is more or less valid. I still believe my mental health struggles are far harder than my physical ones.",1082,133,"""You're on disability? Let me guess, depression and anxiety?"" I've heard this comment before and it bothers me a lot. 

I was originally put on disability for such severe PTSD I was considered unable to be alone or independent. I expected to work on myself and get off it. And I am... Except now I'm on disability for a permanent physical disability. 

Neither is more or less valid. I still believe my mental health struggles are far harder than my physical ones."
1n1u1ff,My wedding ceremony cane,"I struggled with my balance when walking, and my poor balance made it super difficult to walk while holding something in each hand. So I combined both together, my cane and my bouquet, so that I’d be able to have a bridal bouquet at my wedding 🙂✨ This is some of the lemonade I made when life threw me it’s lousy lemons 🍋♿️ ",1064,81,"My wedding ceremony cane I struggled with my balance when walking, and my poor balance made it super difficult to walk while holding something in each hand. So I combined both together, my cane and my bouquet, so that I’d be able to have a bridal bouquet at my wedding 🙂✨ This is some of the lemonade I made when life threw me it’s lousy lemons 🍋♿️ "
yrthoq,"me, 13(m) getting my custom wheelchair",,1051,74,"me, 13(m) getting my custom wheelchair "
1faifdn,What people think,,1045,36,What people think 
1l6w42p,My first time at pride with my cane and the queens helped me up to dance with them,If this doesn’t belong here let me know! Just wanted to share my moment of joy it’s nice to be included!,1045,68,My first time at pride with my cane and the queens helped me up to dance with them If this doesn’t belong here let me know! Just wanted to share my moment of joy it’s nice to be included!
p60p48,Stolen from tumblr,,1044,41,Stolen from tumblr 
1hxpdbs,"All because I reminded people to shovel their sidewalks if they can, or to throw down salt or litter for traction for wheelchair users that need the sidewalk.","He got his feelings hurt because he said my power chair is a motor vehicle and i should not be on the sidewalks, so i showed him the ADA rules that say i am supposed to be on the sidewalk.",1039,185,"All because I reminded people to shovel their sidewalks if they can, or to throw down salt or litter for traction for wheelchair users that need the sidewalk. He got his feelings hurt because he said my power chair is a motor vehicle and i should not be on the sidewalks, so i showed him the ADA rules that say i am supposed to be on the sidewalk."
1hlzy6t,"Merry Christmas! I hope your families are understanding, symptoms are not flaring up, doctors are listening and the presents are awesome! ",My first time using a transport chair/rollator at the Christmas market🎄,988,33,"Merry Christmas! I hope your families are understanding, symptoms are not flaring up, doctors are listening and the presents are awesome!  My first time using a transport chair/rollator at the Christmas market🎄"
1he5yum,My psychiatrist told me she would kill herself if she was me. ,"I don’t know how to fucking react. I think people have lost their minds, EMPATHY and anything holy, idk what’s fucking wrong with our society.

She treated me from life-threatening eating disorder and SUICIDAL ideation and self-harm, and I came to her for checkup after a year of pause, and she says the most psychopathic thing EVER: “Oh, I’m so proud and happy of you! You are so much stronger than me, because in your situation I’d either become a drug addict, or I’d kill myself”. Cool? Now imagine telling this to an ABLE-BODIED patient?

WE ARE COOKED. 

update: i decided not to report or anything, because i have warm feelings to her + she’s going through grief and loss now, she’s probably not stable herself. I emailed her and my feelings and explained how it’s not okay, she said that it was a fucking stupid comment and she finds my story inspiring, but she didn’t mean to hurt me that bad and she regrets it. YAY! ",982,234,"My psychiatrist told me she would kill herself if she was me.  I don’t know how to fucking react. I think people have lost their minds, EMPATHY and anything holy, idk what’s fucking wrong with our society.

She treated me from life-threatening eating disorder and SUICIDAL ideation and self-harm, and I came to her for checkup after a year of pause, and she says the most psychopathic thing EVER: “Oh, I’m so proud and happy of you! You are so much stronger than me, because in your situation I’d either become a drug addict, or I’d kill myself”. Cool? Now imagine telling this to an ABLE-BODIED patient?

WE ARE COOKED. 

update: i decided not to report or anything, because i have warm feelings to her + she’s going through grief and loss now, she’s probably not stable herself. I emailed her and my feelings and explained how it’s not okay, she said that it was a fucking stupid comment and she finds my story inspiring, but she didn’t mean to hurt me that bad and she regrets it. YAY! "
1h2iphs,Disabled Actors playing Richard III ,,970,36,Disabled Actors playing Richard III  
1lft2yc,How I styled my mobility aid!,"Sorry if this isn’t allowed I wasn’t sure.

But this is my triumph prestige 2 in 1 rollator/transport chair. The sky blue color made me want to add clouds! I love fashion and figured if I had to use it all the time it should look good too! 

I decorated it with stickers from Amazon and Etsy. Wish I could do something with the seats, but they have Velcro on the bottom so I guess they’ll have to stay. ",963,89,"How I styled my mobility aid! Sorry if this isn’t allowed I wasn’t sure.

But this is my triumph prestige 2 in 1 rollator/transport chair. The sky blue color made me want to add clouds! I love fashion and figured if I had to use it all the time it should look good too! 

I decorated it with stickers from Amazon and Etsy. Wish I could do something with the seats, but they have Velcro on the bottom so I guess they’ll have to stay. "
1m50mdu,Omg it happened again!,"Went for a ""walk"" with my fiancé, I'm in a wheelchair and this old guy in a scooter comes up to me and asks why I'm in a wheelchair.

I just tell him that I've been in one since I was 5 due to a virus.
So then he tells me he knows a man upstairs (and proceeds to point up) that's named Jesus that can help me.

So my fiancé tells him no that's okay, we know it's not necessary and after telling him no thank you 3x this man gets offended and said well you get what you deserve and stormed off.

Why do people feel the need to spout their religion at me and make me feel like crap when I don't agree with it. I don't do this to other people. 

Has this happened to you, and what do you do?",961,226,"Omg it happened again! Went for a ""walk"" with my fiancé, I'm in a wheelchair and this old guy in a scooter comes up to me and asks why I'm in a wheelchair.

I just tell him that I've been in one since I was 5 due to a virus.
So then he tells me he knows a man upstairs (and proceeds to point up) that's named Jesus that can help me.

So my fiancé tells him no that's okay, we know it's not necessary and after telling him no thank you 3x this man gets offended and said well you get what you deserve and stormed off.

Why do people feel the need to spout their religion at me and make me feel like crap when I don't agree with it. I don't do this to other people. 

Has this happened to you, and what do you do?"
1lrftv7,As a newly recent ambulatory wheelchair user this made me feel seen 💜,,964,68,As a newly recent ambulatory wheelchair user this made me feel seen 💜 
1ik09uo,"Sad to see that managers think disabilities or chronic illnesses are a result of ""poor life choices"".","It's very possible that this is just rage bait or karma farming, but the chance that it's not makes me so sad.",953,274,"Sad to see that managers think disabilities or chronic illnesses are a result of ""poor life choices"". It's very possible that this is just rage bait or karma farming, but the chance that it's not makes me so sad."
1mq4fyt,My super evil cycle,Imposter syndrome is hell,952,41,My super evil cycle Imposter syndrome is hell
1no433o,Today my fortune cookie chose violence…,"At lunch today I got a fortune cookie, when I cracked it open I had a good cackle. Note the AFO’s and wheelchair footplate in the background. 👌🏻",941,38,"Today my fortune cookie chose violence… At lunch today I got a fortune cookie, when I cracked it open I had a good cackle. Note the AFO’s and wheelchair footplate in the background. 👌🏻"
1e5wtv8,Cool representation for disabilities,"all credit to @sugarycarousel on tik tok and instagram!

Theres tons more you can find on their socials and website sugarycarosuel.com including cute queer representation as well! I recommend checking their art out!

",929,269,"Cool representation for disabilities all credit to @sugarycarousel on tik tok and instagram!

Theres tons more you can find on their socials and website sugarycarosuel.com including cute queer representation as well! I recommend checking their art out!

"
1lzyewm,Every establishment needs this sign,,924,244,Every establishment needs this sign 
1k3pk9f,"After 2 years in a wheelchair, Martin and I are finally getting off the couch!!","I am so full of gratitude for the people that donated to my fundraiser. I got my Firefly 2.5 this week. If anyone wants a bit of a review, I can elaborate more. 

We went FAST. I had to test it without having Martin on a leash. Walking him on leash in my wheelchair had me crashing into curbs 😆

I know he's smart. But it's been awhile since we went out together. This dog fell right into a trot next to me off leash. 

I cannot begin to explain how I feel. It feels like my life is in a new chapter. ",916,67,"After 2 years in a wheelchair, Martin and I are finally getting off the couch!! I am so full of gratitude for the people that donated to my fundraiser. I got my Firefly 2.5 this week. If anyone wants a bit of a review, I can elaborate more. 

We went FAST. I had to test it without having Martin on a leash. Walking him on leash in my wheelchair had me crashing into curbs 😆

I know he's smart. But it's been awhile since we went out together. This dog fell right into a trot next to me off leash. 

I cannot begin to explain how I feel. It feels like my life is in a new chapter. "
kg7se1,A parent who taught their kid well,,914,26,A parent who taught their kid well 
1mvkzx3,Decorating my Walking Canes - Complete,"Art student 
I decorated an old cane for a class project and my professors encouraged me to do the ones I use daily. Since they’re a set I decided to go opposites that attract instead of matching, like yin yang. 

Decided to go all out because if they’re gunna stare anyways let’s give them something’s stare at.

Inspired by Hades and Persephone 

**Last picture is before
",903,110,"Decorating my Walking Canes - Complete Art student 
I decorated an old cane for a class project and my professors encouraged me to do the ones I use daily. Since they’re a set I decided to go opposites that attract instead of matching, like yin yang. 

Decided to go all out because if they’re gunna stare anyways let’s give them something’s stare at.

Inspired by Hades and Persephone 

**Last picture is before
"
uxy43v,I got my wheelchair today! I’m so excited to finally be mobile again!,,905,128,I got my wheelchair today! I’m so excited to finally be mobile again! 
1fi6cw5,"""connective tissue"" (2024)","a piece on mobility aids as an extension of the human body rather than something separate from it, yarnwork done by a friend, concept/modeling/editing by yours truly",904,39,"""connective tissue"" (2024) a piece on mobility aids as an extension of the human body rather than something separate from it, yarnwork done by a friend, concept/modeling/editing by yours truly"
1i9et23,How do I deal with someone giving me a book that says my disability is my fault?,"I am a 39 year old woman dealing with an unknown neurological disorder. Over the past couple of months I went from being able to walk independently to needing a wheelchair.

I kept my disability a secret for a long time 10 years but recently told my husband‘s family about it. All of my in-laws are wonderful. They are so loving and supportive. 

My mother-in-law came over today to bring me some brownies. She is a conservative Christian , who has become more radicalized since Trump went into office the first time. She is anti-vax, anti-vaccine, and QAnon. 

She told me not to except my disability and to keep hope alive because God doesn’t want me to be sick. She said that the devil is the one who makes people sick and that i need to trust that God will make me well. 

In addition to the brownies, she gave me a book called “If Satan Can’t Keep Your Joy, He Can’t Keep Your Goods” by Jerry Saville. The premise of the book is “Everything wrong in your life is the result of you not trusting in God, which invites the devil to take away good things in your life.” The author of this book is sociopathically without compassion for people with any problem, including health issues.

The book talks about how we are all actually healthy but if you think you are sick, satan will hear you and make you sick. If you try to heal, you won’t because you’re telling your body that there is something that needs to be healed. It’s basically “The Secret” + Satan. 

I am feeling really hurt. I don’t believe a word of the 160 pages of diarrhea that the publisher miss took for a book, but I’m worried that she does. I want to give her the benefit of the doubt and assume that she didn’t read all the way through the book but by page 4 he says that he hasn’t gotten the flu in 50 years because “when the devil tries to put a symptom of sickness or disease on my body, I absolutely refuse to accept it… I am redeemed from the flu.”

I feel like I need to talk to her about this or else I’m going to feel really weird around her, but I am afraid that I will find out that she thinks that all of the terrible things that are happening with my body are my fault. I’m not religious, which has been brought up in the family as an area of concern. We have been told that if we just went to church, my husband wouldn’t struggle with depression. It is a very real possibility that she believes that I am sick because I haven’t protected myself enough from the devil.

Does anyone have suggestions on how I should handle this situation? What am I supposed to do if she says “I read every single page of that book and wholeheartedly agree that this is your fault?” (or something similar)?

",902,419,"How do I deal with someone giving me a book that says my disability is my fault? I am a 39 year old woman dealing with an unknown neurological disorder. Over the past couple of months I went from being able to walk independently to needing a wheelchair.

I kept my disability a secret for a long time 10 years but recently told my husband‘s family about it. All of my in-laws are wonderful. They are so loving and supportive. 

My mother-in-law came over today to bring me some brownies. She is a conservative Christian , who has become more radicalized since Trump went into office the first time. She is anti-vax, anti-vaccine, and QAnon. 

She told me not to except my disability and to keep hope alive because God doesn’t want me to be sick. She said that the devil is the one who makes people sick and that i need to trust that God will make me well. 

In addition to the brownies, she gave me a book called “If Satan Can’t Keep Your Joy, He Can’t Keep Your Goods” by Jerry Saville. The premise of the book is “Everything wrong in your life is the result of you not trusting in God, which invites the devil to take away good things in your life.” The author of this book is sociopathically without compassion for people with any problem, including health issues.

The book talks about how we are all actually healthy but if you think you are sick, satan will hear you and make you sick. If you try to heal, you won’t because you’re telling your body that there is something that needs to be healed. It’s basically “The Secret” + Satan. 

I am feeling really hurt. I don’t believe a word of the 160 pages of diarrhea that the publisher miss took for a book, but I’m worried that she does. I want to give her the benefit of the doubt and assume that she didn’t read all the way through the book but by page 4 he says that he hasn’t gotten the flu in 50 years because “when the devil tries to put a symptom of sickness or disease on my body, I absolutely refuse to accept it… I am redeemed from the flu.”

I feel like I need to talk to her about this or else I’m going to feel really weird around her, but I am afraid that I will find out that she thinks that all of the terrible things that are happening with my body are my fault. I’m not religious, which has been brought up in the family as an area of concern. We have been told that if we just went to church, my husband wouldn’t struggle with depression. It is a very real possibility that she believes that I am sick because I haven’t protected myself enough from the devil.

Does anyone have suggestions on how I should handle this situation? What am I supposed to do if she says “I read every single page of that book and wholeheartedly agree that this is your fault?” (or something similar)?

"
xl7bxy,Anyone else?,,902,51,Anyone else? 
1frrnuu,I made this a few years back ,,886,26,I made this a few years back  
qg8fll,"With a lot of patience, I managed to tie my shoes for the first time",,878,48,"With a lot of patience, I managed to tie my shoes for the first time "
13ze5lq,Just bought my dad one of these EZRides and it changed his life. Such a cool invention and insurance even paid for it. Hooks up to basically any wheelchair and turns it electric 🙌🏼,,876,51,Just bought my dad one of these EZRides and it changed his life. Such a cool invention and insurance even paid for it. Hooks up to basically any wheelchair and turns it electric 🙌🏼 
1i7se9n,Where are all those people who were saying the new administration wouldn't affect us? Is it still misinformation to say we're not safe?,"This administration will be going after our access to medical care, SSI/SSDI, food stamps, and now protection against discrimination. 

Revoking the 1965 also affects the 1973 Rehabilitation Act. So if you thought getting a job as a person with disabilities was difficult before, soon companies will be discriminate **openly** towards us. 

I have a job BECAUSE I can't be discriminated against for my disabilities. My previous job didn't care about EEOA protections. They still made excuses to cut my work. Now, they won't need any excuses. ",857,235,"Where are all those people who were saying the new administration wouldn't affect us? Is it still misinformation to say we're not safe? This administration will be going after our access to medical care, SSI/SSDI, food stamps, and now protection against discrimination. 

Revoking the 1965 also affects the 1973 Rehabilitation Act. So if you thought getting a job as a person with disabilities was difficult before, soon companies will be discriminate **openly** towards us. 

I have a job BECAUSE I can't be discriminated against for my disabilities. My previous job didn't care about EEOA protections. They still made excuses to cut my work. Now, they won't need any excuses. "
f53e35,"I bought my father a new wheelchair and played some old Nintendo games with him. He autism and crippled, just nice to see him happy :)",,859,57,"I bought my father a new wheelchair and played some old Nintendo games with him. He autism and crippled, just nice to see him happy :) "
10jsp9p,Damn 🔥,,854,42,Damn 🔥 
1gq0i8x,Need a ride❓,,850,51,Need a ride❓ 
1iw33nt,"My rollator finally arrived in the mail, so went to Muir Woods National Monument 🙂💜","I have chronic pain 24/7 and chronic illnesses such as axial Spondyloarthritis, psoriatic arthritis, fibromyalgia, OA in several areas of my body (including neck and skull), ON, spinal stenosis, radiculopathy, etc. 

But, I love nature so much! So, I’m happy that I have my cane. And thankful that my rollator walker arrived in the mail. 

I laid down in the back of our van for hours to be able to see these redwoods. The trail is wheelchair accessible on paved concrete and a wooden boardwalk. And I’m very grateful I was able to see this place! Pictures don’t do it justice. 

In addition, a national park service ranger gave me an America the Beautiful Access pass which now gives me free access to all national parks in the country for life. I started crying when the ranger handed it to me. In my head I was like, “My pains and illnesses have taken so much from me but it has given me at least this one little good thing 😭”

I did get some bad looks from elderly people and other adults my husband said (Due to me being “young” and looking like nothing is wrong with me? Idk) I guess I didn’t notice because I was happy for the opportunity to see some redwood trees 🌲 ",847,100,"My rollator finally arrived in the mail, so went to Muir Woods National Monument 🙂💜 I have chronic pain 24/7 and chronic illnesses such as axial Spondyloarthritis, psoriatic arthritis, fibromyalgia, OA in several areas of my body (including neck and skull), ON, spinal stenosis, radiculopathy, etc. 

But, I love nature so much! So, I’m happy that I have my cane. And thankful that my rollator walker arrived in the mail. 

I laid down in the back of our van for hours to be able to see these redwoods. The trail is wheelchair accessible on paved concrete and a wooden boardwalk. And I’m very grateful I was able to see this place! Pictures don’t do it justice. 

In addition, a national park service ranger gave me an America the Beautiful Access pass which now gives me free access to all national parks in the country for life. I started crying when the ranger handed it to me. In my head I was like, “My pains and illnesses have taken so much from me but it has given me at least this one little good thing 😭”

I did get some bad looks from elderly people and other adults my husband said (Due to me being “young” and looking like nothing is wrong with me? Idk) I guess I didn’t notice because I was happy for the opportunity to see some redwood trees 🌲 "
1lhdmr6,Anyone else have a disservice animal?,This will always be my favorite joke. My girl thinks my chair is for her and I often have to try and prevent her from getting back in while I transfer ,840,82,Anyone else have a disservice animal? This will always be my favorite joke. My girl thinks my chair is for her and I often have to try and prevent her from getting back in while I transfer 
1nuk2xa,"""Too potato-y""...Thought this belonged here!",,839,49,"""Too potato-y""...Thought this belonged here! "
aeb7m8,Wonderful !,,839,22,Wonderful ! 
1mr9dfv,Perfect Card For The Nosy Parker.,"A lot of us are exhausted by not only trying to negotiate living in an ableist world, but having to answer (well meaning) strangers poking their nose into our personal business. I saw this and knew that I had to share it here! Enjoy.",832,71,"Perfect Card For The Nosy Parker. A lot of us are exhausted by not only trying to negotiate living in an ableist world, but having to answer (well meaning) strangers poking their nose into our personal business. I saw this and knew that I had to share it here! Enjoy."
1hxls5j,"Hey everyone, I’m the guy with the shoe company from yesterday! I want your honest feedback (check comments)",,826,107,"Hey everyone, I’m the guy with the shoe company from yesterday! I want your honest feedback (check comments) "
k3xn09,The truth!,,821,28,The truth! 
1iesx10,I'm a wheelchair user who just started personal training to fine tune my upper body strength. My parents got me this shirt.,,818,85,I'm a wheelchair user who just started personal training to fine tune my upper body strength. My parents got me this shirt. 
wqqt8o,Just wanted to share my wheelchair (take down if not allowed),,815,76,Just wanted to share my wheelchair (take down if not allowed) 
1hn92yg,I made these DIY spoke covers for my wheelchair ,I wanted to decorate my wheelchair but accessories are usually quite expensive so I just cut some reusable plastic straws to size then cut a slit down the middle to fit over each spoke on my wheelchair. Was super easy and would %100 recommend. Also the straws snap right on when you push the spoke into the slit that you cut but there's no chance of them coming off.,798,40,I made these DIY spoke covers for my wheelchair  I wanted to decorate my wheelchair but accessories are usually quite expensive so I just cut some reusable plastic straws to size then cut a slit down the middle to fit over each spoke on my wheelchair. Was super easy and would %100 recommend. Also the straws snap right on when you push the spoke into the slit that you cut but there's no chance of them coming off.
1idr250,Trump is on TV right now,"Saying disabled people shouldn't work. Thanks to everyone who vote this orange turd in. So when he strips us of our funds (ssi, ssdi) and medicaid we will be screwed.

Edit: https://www.youtube.com/live/7YJeZgQTotg?si=aX55SrNPThZZf9dt

Edit 2: DEI statements start about the 39:00 on youtube link

Edit 3: Elon Musk has been trying to access Social Security Payment Systems https://www.washingtonpost.com/business/2025/01/31/elon-musk-treasury-department-payment-systems/

Edit 4: here is just a clip of what was said at that press conference yesterday is a little over 4 minutes and it's from NBC since I've been getting a lot of comments saying that the link isn't correct. https://youtu.be/ENSmbkMFLGU?si=pI-tWcYP_yMwFSlg

I seen on msnbc but can be found on youtube supposed to be a press briefing on the plan crash.",799,314,"Trump is on TV right now Saying disabled people shouldn't work. Thanks to everyone who vote this orange turd in. So when he strips us of our funds (ssi, ssdi) and medicaid we will be screwed.

Edit: https://www.youtube.com/live/7YJeZgQTotg?si=aX55SrNPThZZf9dt

Edit 2: DEI statements start about the 39:00 on youtube link

Edit 3: Elon Musk has been trying to access Social Security Payment Systems https://www.washingtonpost.com/business/2025/01/31/elon-musk-treasury-department-payment-systems/

Edit 4: here is just a clip of what was said at that press conference yesterday is a little over 4 minutes and it's from NBC since I've been getting a lot of comments saying that the link isn't correct. https://youtu.be/ENSmbkMFLGU?si=pI-tWcYP_yMwFSlg

I seen on msnbc but can be found on youtube supposed to be a press briefing on the plan crash."
1lc4kce,I'm sorry,"My girlfriend has several disabilities including severe allergy induced asthma, Celiac and ADHD. We were at a wedding yesterday where she was not able to eat anything, even though the bride wanted her to be able to eat, and asked us months ago how to accommodate her. 

There's also been so many instances of event staff telling us that pets will not be present in the venue, just to find out when we arrive that there are pets (not service animals, which we totally would have been understanding of) and we could only stay an hour or two before she gets an asthma attack.

As an able bodied person, I used to be in the ""it's impossible to accommodate everyone"" camp. But I'm seeing now that this phrase is only used as an excuse by people who don't even want to try to accommodate. 

I'm sorry that as a society we failed you, I wish we could be better from now on. Just remember that your disabilities are not a burden and you deserve accessible and welcoming spaces ❤️",781,151,"I'm sorry My girlfriend has several disabilities including severe allergy induced asthma, Celiac and ADHD. We were at a wedding yesterday where she was not able to eat anything, even though the bride wanted her to be able to eat, and asked us months ago how to accommodate her. 

There's also been so many instances of event staff telling us that pets will not be present in the venue, just to find out when we arrive that there are pets (not service animals, which we totally would have been understanding of) and we could only stay an hour or two before she gets an asthma attack.

As an able bodied person, I used to be in the ""it's impossible to accommodate everyone"" camp. But I'm seeing now that this phrase is only used as an excuse by people who don't even want to try to accommodate. 

I'm sorry that as a society we failed you, I wish we could be better from now on. Just remember that your disabilities are not a burden and you deserve accessible and welcoming spaces ❤️"
1lqxccb,The “Big Beautiful Bill” just passed in the House,"Unfortunately, the bill passed. We only got 2 republican nays and not the amount we needed. I have no idea when the bill goes into effect. Some people say next year or in 2028, but I have no idea. I’m angry and scared. This is an injustice to Americans. People are gonna die and a lot of people can’t work for Medicaid requirements. I have no idea what to do. I’m on ssi & medicaid and working is not an option for me. The republicans have just signed the death sentence for Americans. it’s truly unfair and cruel how they get to have healthcare and we don’t. I’m tired of this.",786,397,"The “Big Beautiful Bill” just passed in the House Unfortunately, the bill passed. We only got 2 republican nays and not the amount we needed. I have no idea when the bill goes into effect. Some people say next year or in 2028, but I have no idea. I’m angry and scared. This is an injustice to Americans. People are gonna die and a lot of people can’t work for Medicaid requirements. I have no idea what to do. I’m on ssi & medicaid and working is not an option for me. The republicans have just signed the death sentence for Americans. it’s truly unfair and cruel how they get to have healthcare and we don’t. I’m tired of this."
1h6gxtj,APPROVED!!!,"So I checked my portal yesterday after I received an email that my status had changed. I was approved, I don't yet know whether it was fully favorable or partially favorable. I have to wait for the letter to come. ",784,149,"APPROVED!!! So I checked my portal yesterday after I received an email that my status had changed. I was approved, I don't yet know whether it was fully favorable or partially favorable. I have to wait for the letter to come. "
1lwu8m3,Thoughts on this bumper sticker?,"Not gonna lie I love it so much. As a physically disabled person I think it's funny and it makes me happy :) 
My boyfriend sent me this picture, I think he said it had a veteran sticker as well!! 

TLDR: I love this bumper sticker that my partner sent me a picture of, what do you think? ",779,209,"Thoughts on this bumper sticker? Not gonna lie I love it so much. As a physically disabled person I think it's funny and it makes me happy :) 
My boyfriend sent me this picture, I think he said it had a veteran sticker as well!! 

TLDR: I love this bumper sticker that my partner sent me a picture of, what do you think? "
1nzpnku,It is a horror movie,,777,57,It is a horror movie 
1ii0iik,"Got stopped grocery shopping in a motorized cart because ""I look too young to be disabled.""","Recently had a botched spinal surgery and can barely walk. Went to publix with my mother for groceries just so I could get out of the house. 

Apparently some boomers were complaining to every employee they came across that a young guy (I'm 32) was abusing the disability cart, Despite my cane sticking straight out of the basket. 

A manager eventually came up to me and told me these carts are only for disabled people. My mother reamed him a new one for like 10 minutes until he apologized for the 30th time and got away as fast as possible. 

I love my mom.

Edit: I don't mean to make the manager out as a bad guy. He was just acting on another customer's ""sworn"" word that someone was abusing the system. 

I've worked retail before; it does happen. ",769,86,"Got stopped grocery shopping in a motorized cart because ""I look too young to be disabled."" Recently had a botched spinal surgery and can barely walk. Went to publix with my mother for groceries just so I could get out of the house. 

Apparently some boomers were complaining to every employee they came across that a young guy (I'm 32) was abusing the disability cart, Despite my cane sticking straight out of the basket. 

A manager eventually came up to me and told me these carts are only for disabled people. My mother reamed him a new one for like 10 minutes until he apologized for the 30th time and got away as fast as possible. 

I love my mom.

Edit: I don't mean to make the manager out as a bad guy. He was just acting on another customer's ""sworn"" word that someone was abusing the system. 

I've worked retail before; it does happen. "
1n8g7u1,don’t have a child if you can’t handle/don’t want a disabled child.,"when you have a child, you are automatically consenting to having ANY TYPE of child. a gay child, a child with behavioral problems, a child who wets the bed, a child who hates your interests, and yes, a disabled child. you should not have a child if you’re not prepared for that possibility. ",773,117,"don’t have a child if you can’t handle/don’t want a disabled child. when you have a child, you are automatically consenting to having ANY TYPE of child. a gay child, a child with behavioral problems, a child who wets the bed, a child who hates your interests, and yes, a disabled child. you should not have a child if you’re not prepared for that possibility. "
1ezhb7o,I'M CURED! THANK YOU KAREN! ,"Cat-5 Mecha Karen, Guardian Of The Sacred  Disabled Parking Spots, has looked upon me with Her all seeing eyes, which are capable of performing a CT scan, MRI X-ray and CT-mylogram, apparently, and in Her infinite wisdom and expert judgment, has deemed me as one who, ""Doesn't Look Disabled."" Imagine how overcome with joy I was as my mangled spine was instantly restored and the pain went away! Suddenly my hands and feet had all their sensation back! Oh how I thanked Her for Her healing powers! I Will always be in Her debt! When She, in Her boundless wisdom, called upon the ancient, and mystical Being ""The Manager"" and asked for me to be banished from the disabled parking spaces, and with Her magical power having already restored my health and thus canceled and made counterfeit my disabled tags, I left that place of healing, with only gratitude in my heart. Thank you, Karen, you've fixed everything. ",766,139,"I'M CURED! THANK YOU KAREN!  Cat-5 Mecha Karen, Guardian Of The Sacred  Disabled Parking Spots, has looked upon me with Her all seeing eyes, which are capable of performing a CT scan, MRI X-ray and CT-mylogram, apparently, and in Her infinite wisdom and expert judgment, has deemed me as one who, ""Doesn't Look Disabled."" Imagine how overcome with joy I was as my mangled spine was instantly restored and the pain went away! Suddenly my hands and feet had all their sensation back! Oh how I thanked Her for Her healing powers! I Will always be in Her debt! When She, in Her boundless wisdom, called upon the ancient, and mystical Being ""The Manager"" and asked for me to be banished from the disabled parking spaces, and with Her magical power having already restored my health and thus canceled and made counterfeit my disabled tags, I left that place of healing, with only gratitude in my heart. Thank you, Karen, you've fixed everything. "
17m6npx,Disabled is not a bad word,,755,72,Disabled is not a bad word 
lkkn21,We just got engaged! We are both blind and plan on moving to Boston from Atlanta this September!,,748,46,We just got engaged! We are both blind and plan on moving to Boston from Atlanta this September! 
1n7xnew,This made me laugh.  I hope you to do.,,749,15,This made me laugh.  I hope you to do. 
1j8tcaj,First time being able to walk in months without the help of a cane!,"I (f19) am so happy omg, these functional knee braces were so expensive but so worth it, I'm still getting used to them (and a little insecure about that) but I'm so happy, for short/medium walks I have the freedom back to use 2 hands instead of having to use a cane while I walk, trying not to overdo it out of excitedness and hurt myself lmao
Just wanted to share some happiness and positivity :)",748,40,"First time being able to walk in months without the help of a cane! I (f19) am so happy omg, these functional knee braces were so expensive but so worth it, I'm still getting used to them (and a little insecure about that) but I'm so happy, for short/medium walks I have the freedom back to use 2 hands instead of having to use a cane while I walk, trying not to overdo it out of excitedness and hurt myself lmao
Just wanted to share some happiness and positivity :)"
1eb8oxu,"Donald Trump Told Me Disabled Americans ""Should Just Die""",,733,195,"Donald Trump Told Me Disabled Americans ""Should Just Die"" "
1hrz3vb,Disabled IS a dirty word to the non disabled ,"I was watching the news and a segment came on saying it's a charity for disabled kids and kids who need medical attention....kinda cool ...but then the news lady started talking and said ""Yes, it's a wonderful charity for kids and kids who are ""MEDICALLY CHALLENGED"" and I kinda stared on shock like...she didn't just....wow she did ...like they keep making up new terms what happened to abled bodied? Or is that offensive? ....I just can't with ""normies"" in society",732,153,"Disabled IS a dirty word to the non disabled  I was watching the news and a segment came on saying it's a charity for disabled kids and kids who need medical attention....kinda cool ...but then the news lady started talking and said ""Yes, it's a wonderful charity for kids and kids who are ""MEDICALLY CHALLENGED"" and I kinda stared on shock like...she didn't just....wow she did ...like they keep making up new terms what happened to abled bodied? Or is that offensive? ....I just can't with ""normies"" in society"
1hm7duc,Merry Christmas from Gran Canaria ,"On Christmas Eve, I captured this cheerful selfie at Maspalomas Beach during my winter vacation. Behind me, the sunset paints the sky with warm, vibrant colors, blending beautifully with the gentle ocean waves. I'm wearing playful light-up antlers glowing in shades of purple, blue, and green, adding a touch of festive joy to the moment. Wrapped in my cozy dark blanket, I feel peaceful and happy, soaking in the magic of this holiday evening by the sea.  

#ChristmasEve #MaspalomasBeach #WinterVacation #FestiveVibes #BeachSunset #HolidayJoy #LightUpAntlers #ChristmasMagic #CozyMoments #InclusiveTravel",724,42,"Merry Christmas from Gran Canaria  On Christmas Eve, I captured this cheerful selfie at Maspalomas Beach during my winter vacation. Behind me, the sunset paints the sky with warm, vibrant colors, blending beautifully with the gentle ocean waves. I'm wearing playful light-up antlers glowing in shades of purple, blue, and green, adding a touch of festive joy to the moment. Wrapped in my cozy dark blanket, I feel peaceful and happy, soaking in the magic of this holiday evening by the sea.  

#ChristmasEve #MaspalomasBeach #WinterVacation #FestiveVibes #BeachSunset #HolidayJoy #LightUpAntlers #ChristmasMagic #CozyMoments #InclusiveTravel"
1e9j6sr,And who do they expect you to call? This is wrong on so many levels.,,732,123,And who do they expect you to call? This is wrong on so many levels. 
wn1459,Telling disabled people that they are inspirational is so problematic.,,723,28,Telling disabled people that they are inspirational is so problematic. 
14e81tg,I just graduated!!!,,725,34,I just graduated!!! 
1nywe47,People are clueless.,"Came across this video on my TikTok’s fyp today. Immediately I understand her concern. The door opens in which makes it impossible to close. I’ve had this happen so many times and I legit had to leave the door open and shout to anybody I heard to not to come back there. I’ve soiled my pants so many times trying to find a bathroom to fit me.

I go to the comments… they’re all focused on the tray? EVEN IF THE TRAY WASNT THERE IT DEFINITELY WOULDN’T FIT A FUCKING WHEELCHAIR.

OH MY GOD.

I’m genuinely so pissed at this. There is NO reason she shouldn’t fit in there. If she doesn’t fit, I definitely wouldn’t! I’m in a wheelchair! 

I can tell you right now if I didn’t have a caregiver that helped me in bathrooms I’d never be able to use one. EVER. I’ve literally broken a flimsy ass stall divider because I had to shove myself in and STILL COULDN’T SHUT THE DOOR. 

I almost at one point broke my foot because I was so far up against the wall. 

Personally, I think anybody in wheelchairs and any mobility device should be able to do a full 360 without hitting ANYTHING in bathrooms. Otherwise why make a fucking handicap stall. ",720,108,"People are clueless. Came across this video on my TikTok’s fyp today. Immediately I understand her concern. The door opens in which makes it impossible to close. I’ve had this happen so many times and I legit had to leave the door open and shout to anybody I heard to not to come back there. I’ve soiled my pants so many times trying to find a bathroom to fit me.

I go to the comments… they’re all focused on the tray? EVEN IF THE TRAY WASNT THERE IT DEFINITELY WOULDN’T FIT A FUCKING WHEELCHAIR.

OH MY GOD.

I’m genuinely so pissed at this. There is NO reason she shouldn’t fit in there. If she doesn’t fit, I definitely wouldn’t! I’m in a wheelchair! 

I can tell you right now if I didn’t have a caregiver that helped me in bathrooms I’d never be able to use one. EVER. I’ve literally broken a flimsy ass stall divider because I had to shove myself in and STILL COULDN’T SHUT THE DOOR. 

I almost at one point broke my foot because I was so far up against the wall. 

Personally, I think anybody in wheelchairs and any mobility device should be able to do a full 360 without hitting ANYTHING in bathrooms. Otherwise why make a fucking handicap stall. "
1jjkrca,I’m waiting in a food bank right now and wondering how my life turned out this way.,"I have 2 music degrees. Paid off all my school loans and have no debt. My house is paid for outright due to my divorce. I worked as a board certified music therapist for a local hospice for 9 yrs. Then I got sick myself. I’m so angry. I’m in year 4 of treatment and I’m so effing tired. 

It wasn’t supposed to be this way. I was supposed to work as a music therapist and help people. That’s my niche. It’s one of the few places I belong. 

The food pantry opened at 9:00 am. I came right at 8:50 and there was a line out the door. How did I end up in this position? Why do all these people need food?? Why is our govt such a big piece of shit? I get snap benefits and disability and all that but UGH. No one says “I want to grow up and be disabled”. 

I’ll keep my ticket and always remember how humbling this was. How low and unworthy I feel. 

Heads up everyone. We didn’t ask for this. Thanks for listening. I just wanted to get this out. 

ETA: Wow. I got back from my IV infusion, laid on the couch, and opened Reddit to end up reading very meaningful stories in response to my post. Keep sharing everyone. We are all suffering and deserve to be heard. We are not alone in this. ❤️🙏 Sending love and grace to all of you. ",718,128,"I’m waiting in a food bank right now and wondering how my life turned out this way. I have 2 music degrees. Paid off all my school loans and have no debt. My house is paid for outright due to my divorce. I worked as a board certified music therapist for a local hospice for 9 yrs. Then I got sick myself. I’m so angry. I’m in year 4 of treatment and I’m so effing tired. 

It wasn’t supposed to be this way. I was supposed to work as a music therapist and help people. That’s my niche. It’s one of the few places I belong. 

The food pantry opened at 9:00 am. I came right at 8:50 and there was a line out the door. How did I end up in this position? Why do all these people need food?? Why is our govt such a big piece of shit? I get snap benefits and disability and all that but UGH. No one says “I want to grow up and be disabled”. 

I’ll keep my ticket and always remember how humbling this was. How low and unworthy I feel. 

Heads up everyone. We didn’t ask for this. Thanks for listening. I just wanted to get this out. 

ETA: Wow. I got back from my IV infusion, laid on the couch, and opened Reddit to end up reading very meaningful stories in response to my post. Keep sharing everyone. We are all suffering and deserve to be heard. We are not alone in this. ❤️🙏 Sending love and grace to all of you. "
wdom47,"Another painting about my disabilities, this time more about the fatigue and isolation",,717,39,"Another painting about my disabilities, this time more about the fatigue and isolation "
1i1k3og,"Ah yes, put the snow in the obviously unnecessary place",I,707,32,"Ah yes, put the snow in the obviously unnecessary place I"
1hw3uwz,Everyone deserves happiness. This made me tear up.,,707,139,Everyone deserves happiness. This made me tear up. 
1ma2z95,I was a nurse. Then I got sick. Now I’m being punished by the systems I used to serve.,"[Where care should have started, punishment began.](https://preview.redd.it/ekuytmf5z9ff1.png?width=1024&format=png&auto=webp&s=94a2c4c6e1929813aac44196385da2a3dd445224)

I never thought I’d be here—pleading for empathy from the very institutions I once upheld.

I’m a former registered nurse. I used to care for patients with compassion and calm. I followed protocol. I advocated for people who couldn’t speak for themselves. But when my own mental health declined, everything I believed in collapsed around me.

In mid-2024, after being tapered off psychiatric medication by my provider, I experienced a serious psychiatric crisis. I drove myself to the ER—trying to prevent things from escalating. I wasn’t violent. I wasn’t a threat. I was doing what people are told to do: ask for help.

But instead of getting care, I was met with aggression. I was admitted, but a warrant was later issued for my arrest for behavior that happened during that mental health crisis. I wasn’t even told. Five months later, I was arrested out of state while still in active psychosis and sat in jail for 30 days waiting for extradition—just for seeking help during a breakdown.

It didn’t stop there.

After I was hospitalized, I was displaced from my apartment. I had submitted a reasonable accommodation request under the Fair Housing Act—signed by my provider—yet I was still denied housing protections. Why? Because I “sounded too normal” or didn’t “look disabled.” I receive SSDI. My condition is documented. But because my disability is invisible, I was stripped of protections.

Now, I’ve been waiting nearly a year for the Social Security Administration to reinstate my SSDI after a failed trial work period. I submitted everything—termination letters, medical documents, follow-ups. Their policy says 30 days. It’s been over 300. I’m forced to request emergency payments every month just to survive.

I went from nurse to outcast. From caregiver to criminalized.

All because I have an invisible disability and tried to do the right thing.

These systems—healthcare, housing, federal aid—are supposed to protect vulnerable people. But if you’re articulate, low-needs, or don’t fit a stereotype, you’re often treated as a liar, manipulator, or threat.

This isn’t just my story. This is happening to so many of us with psychiatric disabilities who are misunderstood, ignored, or punished just for existing.

If this sounds like you, you're not alone. I see you.

Let’s keep speaking the truth until they can’t ignore us anymore.",703,175,"I was a nurse. Then I got sick. Now I’m being punished by the systems I used to serve. [Where care should have started, punishment began.](https://preview.redd.it/ekuytmf5z9ff1.png?width=1024&format=png&auto=webp&s=94a2c4c6e1929813aac44196385da2a3dd445224)

I never thought I’d be here—pleading for empathy from the very institutions I once upheld.

I’m a former registered nurse. I used to care for patients with compassion and calm. I followed protocol. I advocated for people who couldn’t speak for themselves. But when my own mental health declined, everything I believed in collapsed around me.

In mid-2024, after being tapered off psychiatric medication by my provider, I experienced a serious psychiatric crisis. I drove myself to the ER—trying to prevent things from escalating. I wasn’t violent. I wasn’t a threat. I was doing what people are told to do: ask for help.

But instead of getting care, I was met with aggression. I was admitted, but a warrant was later issued for my arrest for behavior that happened during that mental health crisis. I wasn’t even told. Five months later, I was arrested out of state while still in active psychosis and sat in jail for 30 days waiting for extradition—just for seeking help during a breakdown.

It didn’t stop there.

After I was hospitalized, I was displaced from my apartment. I had submitted a reasonable accommodation request under the Fair Housing Act—signed by my provider—yet I was still denied housing protections. Why? Because I “sounded too normal” or didn’t “look disabled.” I receive SSDI. My condition is documented. But because my disability is invisible, I was stripped of protections.

Now, I’ve been waiting nearly a year for the Social Security Administration to reinstate my SSDI after a failed trial work period. I submitted everything—termination letters, medical documents, follow-ups. Their policy says 30 days. It’s been over 300. I’m forced to request emergency payments every month just to survive.

I went from nurse to outcast. From caregiver to criminalized.

All because I have an invisible disability and tried to do the right thing.

These systems—healthcare, housing, federal aid—are supposed to protect vulnerable people. But if you’re articulate, low-needs, or don’t fit a stereotype, you’re often treated as a liar, manipulator, or threat.

This isn’t just my story. This is happening to so many of us with psychiatric disabilities who are misunderstood, ignored, or punished just for existing.

If this sounds like you, you're not alone. I see you.

Let’s keep speaking the truth until they can’t ignore us anymore."
1e335zy,For those of you who are visibly disabled:,"If someone asks to pray for you, and it’s clear that they want to pray specifically for your disability…

Don’t say no. Instead, say “yes, actually, I’m really struggling with *insert something completely unrelated to your disability*” and then watch as the person attempts to fathom the fact that your biggest burden in life is in fact not your disability but something entirely different. 

*bonus points if you mention something “mature” like a porn addiction. ",700,111,"For those of you who are visibly disabled: If someone asks to pray for you, and it’s clear that they want to pray specifically for your disability…

Don’t say no. Instead, say “yes, actually, I’m really struggling with *insert something completely unrelated to your disability*” and then watch as the person attempts to fathom the fact that your biggest burden in life is in fact not your disability but something entirely different. 

*bonus points if you mention something “mature” like a porn addiction. "
1glw9zi,I'm resentful of people posting about leaving the country,"I've been seeing a lot of this on social media since the election results came in - just like the first time Trump was elected. To me, it's an incredibly privileged response to the situation (and naive in some cases for those who have zero idea of the financial/general resources, time, and qualifications involved in moving to another country).   
  
I'm a physically disabled woman on disability with a liberal arts degree lmao. Nobody wants me! Sure, I'd love to magically be able to pick up and go elsewhere, but I objectively can't! I'm also in a vulnerable, marginalized group of course (two, I guess, as a woman) and I'm terrified of how my life will be affected. With all of that in mind, I can't help but feel resentful of those who cavalierly post about fleeing.

Is anyone else feeling similarly frustrated?",682,275,"I'm resentful of people posting about leaving the country I've been seeing a lot of this on social media since the election results came in - just like the first time Trump was elected. To me, it's an incredibly privileged response to the situation (and naive in some cases for those who have zero idea of the financial/general resources, time, and qualifications involved in moving to another country).   
  
I'm a physically disabled woman on disability with a liberal arts degree lmao. Nobody wants me! Sure, I'd love to magically be able to pick up and go elsewhere, but I objectively can't! I'm also in a vulnerable, marginalized group of course (two, I guess, as a woman) and I'm terrified of how my life will be affected. With all of that in mind, I can't help but feel resentful of those who cavalierly post about fleeing.

Is anyone else feeling similarly frustrated?"
1ipqdyq,"saw this image in another reddit, apparently those in need of assistance are part of the ''parasite class''",,684,105,"saw this image in another reddit, apparently those in need of assistance are part of the ''parasite class'' "
1nw88zm,This is EXACTLY what my Autism assessment looked like when I got one as a kid AND as an adult. (Well it was 1986 when I got the one I got as a kid so go figure!,"This is EXACTLY why I cannot watch Love On The Spectrum!  They send the message just ASSUMING That everyone is blessed with these rich loving and supportive families who pay for everything support and otherwise.  Well I am one of many who has no family or relatives to help and is making due with what they have!  

For example: I need a paid supporter/buddy to go places with me but I have always just gone without, sucked it up, and did everything myself as I still do today.  My insurance (Meridian or any of the other plans with Medicaid available) will NOT pay for that.  If it's Autism related reasons you have to be under 18, if it's disability related you have to be either a shut in, bed bound, or 62 or over.  I just got used to it, learned to live with it and be grateful that or bed bound!  

I can't be Pollyanna 24 hours a day but I sure try!  Lol.  That's MY ""glad game""!   Lol.  My reasons for being glad that I don't meet the criteria for the services I need: I'm GLAD I don't have any of those problems!  🤗.  

I used the same technique when perimenopause reared it's ugly head in and my insurance company wouldn't pay for the GLP1s. (You have to have a BMI over 35 and have a type 2 diabetes diagnosis ).  

Well the weight gained took longer to come off but it did with the right medications (nowhere near as strong as the GLP1s but they helped! With a high protein whole foods diet and exercise of course). 

I receive SSI, Section 8, Medicaid, food stamps, AABD, free bus card for elderly and disabled, license plate discount, and Paratransit services.  For social needs, I work the allotted 20 hours a week allowed to keep your benefits as a peer counselor at a mental health clinic, volunteer at the Salvation Army Women's Transitional Center on weekends and holidays, I have church, meet ups, and a Neurodivergent support group online and in person with meet ups once a month.  

My friends and I all support and help each other all we can but like many we can't ALWAYS be there to help cause we're all trying to make our own ends meet.  Anyway while the reality of the situation totally sucks, I choose to be happy and grateful for all that I DO have and all that I have going for me!   

",681,75,"This is EXACTLY what my Autism assessment looked like when I got one as a kid AND as an adult. (Well it was 1986 when I got the one I got as a kid so go figure! This is EXACTLY why I cannot watch Love On The Spectrum!  They send the message just ASSUMING That everyone is blessed with these rich loving and supportive families who pay for everything support and otherwise.  Well I am one of many who has no family or relatives to help and is making due with what they have!  

For example: I need a paid supporter/buddy to go places with me but I have always just gone without, sucked it up, and did everything myself as I still do today.  My insurance (Meridian or any of the other plans with Medicaid available) will NOT pay for that.  If it's Autism related reasons you have to be under 18, if it's disability related you have to be either a shut in, bed bound, or 62 or over.  I just got used to it, learned to live with it and be grateful that or bed bound!  

I can't be Pollyanna 24 hours a day but I sure try!  Lol.  That's MY ""glad game""!   Lol.  My reasons for being glad that I don't meet the criteria for the services I need: I'm GLAD I don't have any of those problems!  🤗.  

I used the same technique when perimenopause reared it's ugly head in and my insurance company wouldn't pay for the GLP1s. (You have to have a BMI over 35 and have a type 2 diabetes diagnosis ).  

Well the weight gained took longer to come off but it did with the right medications (nowhere near as strong as the GLP1s but they helped! With a high protein whole foods diet and exercise of course). 

I receive SSI, Section 8, Medicaid, food stamps, AABD, free bus card for elderly and disabled, license plate discount, and Paratransit services.  For social needs, I work the allotted 20 hours a week allowed to keep your benefits as a peer counselor at a mental health clinic, volunteer at the Salvation Army Women's Transitional Center on weekends and holidays, I have church, meet ups, and a Neurodivergent support group online and in person with meet ups once a month.  

My friends and I all support and help each other all we can but like many we can't ALWAYS be there to help cause we're all trying to make our own ends meet.  Anyway while the reality of the situation totally sucks, I choose to be happy and grateful for all that I DO have and all that I have going for me!   

"
1ie0ekt,This was removed from the r/Epilepsy . Today we are nothing .,"I can’t even begin to describe how disgusted I am with Trump’s comments about disabilities—especially when it comes to epilepsy. The way he mocked people, the way he trivialized something as serious and life-altering as epilepsy, it’s just beyond reprehensible. Epilepsy isn’t a joke. It’s not something to be laughed at or mimicked for cheap laughs. It’s a real condition that millions of people live with every single day, and for him to treat it like some kind of punchline is not only offensive but shows a complete lack of empathy and decency. It’s disgusting, and it’s a reminder of how little he seems to care about anyone who doesn’t fit into his narrow, self-serving worldview.",677,150,"This was removed from the r/Epilepsy . Today we are nothing . I can’t even begin to describe how disgusted I am with Trump’s comments about disabilities—especially when it comes to epilepsy. The way he mocked people, the way he trivialized something as serious and life-altering as epilepsy, it’s just beyond reprehensible. Epilepsy isn’t a joke. It’s not something to be laughed at or mimicked for cheap laughs. It’s a real condition that millions of people live with every single day, and for him to treat it like some kind of punchline is not only offensive but shows a complete lack of empathy and decency. It’s disgusting, and it’s a reminder of how little he seems to care about anyone who doesn’t fit into his narrow, self-serving worldview."
jvwxda,We are WITCHES,,670,11,We are WITCHES 
v5re64,I graduated today !,,679,50,I graduated today ! 
1mol7w1,people need to stop telling us to “just” get a remote job,"dude it’s fucking insane, they aren’t any remote entry level jobs. i’m autistic and my job is fucking killing me and it’s so easy, fuck. it makes me so angry because no i cannot work at a company for two years than beg to maybe get an accommodating jobs. 

no i don’t qualify for ssi or anything because i CAN work. places don’t want to accommodate me because im simply annoying to deal with. 
working remotely would give me so much independence. 

i am a hard worker too! i just can’t do it anymore guys it’s driving me insane. i know they’re no real resources out there for people like me. im just tired of people saying bullshit  that doesn’t exist. 


if i had a remote job i would be able to shower, clean and not be constantly suicidal due to burnout. i refuse to call out due to my burn out anymore because they have made it clear they’re getting tired of it. 


it just makes me so mad because they say we all want benefits, no i want a fucking chance to stay alive. i’m only level one, how tf are level 2 people not on ssi dealing with this?",675,138,"people need to stop telling us to “just” get a remote job dude it’s fucking insane, they aren’t any remote entry level jobs. i’m autistic and my job is fucking killing me and it’s so easy, fuck. it makes me so angry because no i cannot work at a company for two years than beg to maybe get an accommodating jobs. 

no i don’t qualify for ssi or anything because i CAN work. places don’t want to accommodate me because im simply annoying to deal with. 
working remotely would give me so much independence. 

i am a hard worker too! i just can’t do it anymore guys it’s driving me insane. i know they’re no real resources out there for people like me. im just tired of people saying bullshit  that doesn’t exist. 


if i had a remote job i would be able to shower, clean and not be constantly suicidal due to burnout. i refuse to call out due to my burn out anymore because they have made it clear they’re getting tired of it. 


it just makes me so mad because they say we all want benefits, no i want a fucking chance to stay alive. i’m only level one, how tf are level 2 people not on ssi dealing with this?"
1kof0mv,"A parent has asked a Facebook Photoshop group to make their 2 disabled children able-bodied. I feel nauseous but everyone is praising them for doing this ""wonderful"" ""beautiful"" thing for their children. Am I the bad guy?","I find this horrific and disgusting but apparently everyone else, including people on FB I know with mild invisible disabilities, find it ""heartwarming"". I'm just shocked. I thought it was a troll at first. What do you think, am I the one in the wrong for finding it terribly ableist and cruel? ",671,259,"A parent has asked a Facebook Photoshop group to make their 2 disabled children able-bodied. I feel nauseous but everyone is praising them for doing this ""wonderful"" ""beautiful"" thing for their children. Am I the bad guy? I find this horrific and disgusting but apparently everyone else, including people on FB I know with mild invisible disabilities, find it ""heartwarming"". I'm just shocked. I thought it was a troll at first. What do you think, am I the one in the wrong for finding it terribly ableist and cruel? "
jsk7q2,Good to know!,,670,21,Good to know! 
gb5kej,10 Things I Learned Dating A Guy in A Wheelchair,,667,16,10 Things I Learned Dating A Guy in A Wheelchair 
1mfkd6m,In honour of those of us who deal with this on the regular,"This popped up in my Facebook memories, and I thought it was too good not to share here for those who can relate.",665,26,"In honour of those of us who deal with this on the regular This popped up in my Facebook memories, and I thought it was too good not to share here for those who can relate."
1kuuemu,finally got a wheelchair!,"i got an awesome wheelchair (i got it from a thrift store for $90). i went to walmart with it and omg i didn’t have a heart rate spike ONCE i was floored. i’m so happy! i finally got it as i realized the internalized ableism isn’t worth me going thru as many flares. slowly healing my inner thoughts against my own body❤️i spray painted it purple cuz it’s my favorite color and spray painted the thingys(pls tell me what they’re called) white! i LOVE it, if im gonna use it might as well make it more me🫶",658,98,"finally got a wheelchair! i got an awesome wheelchair (i got it from a thrift store for $90). i went to walmart with it and omg i didn’t have a heart rate spike ONCE i was floored. i’m so happy! i finally got it as i realized the internalized ableism isn’t worth me going thru as many flares. slowly healing my inner thoughts against my own body❤️i spray painted it purple cuz it’s my favorite color and spray painted the thingys(pls tell me what they’re called) white! i LOVE it, if im gonna use it might as well make it more me🫶"
1ig44p9,Extremely Worried Elmo Will Stop Our Payments,"Now that Elmo and his cronies have control over the payment systems for the government, I’m worried he’s going to just stop paying benefits (this sub will not let me use any acronym for any disability benefit without having the post deleted). Yes I know he’s unelected. Yes, I know he’s not supposed to be able to have this power but it’s been happening, he’s got full access to everything now and no one is stopping him. If I lose benefits I won’t be able to live.",663,356,"Extremely Worried Elmo Will Stop Our Payments Now that Elmo and his cronies have control over the payment systems for the government, I’m worried he’s going to just stop paying benefits (this sub will not let me use any acronym for any disability benefit without having the post deleted). Yes I know he’s unelected. Yes, I know he’s not supposed to be able to have this power but it’s been happening, he’s got full access to everything now and no one is stopping him. If I lose benefits I won’t be able to live."
1i7pjtj,Trump's attacks on DEI does include disability,"There's a lot to get into, but when it comes to grant funding and hiring of federal workers, apparently DEI is evil now per executives orders. Funding into programs that actually help disabled people can be at risk.

If you're American and your politician is either pro-DEI attacks on seems on the fence, I recommend contacting them and saying why you think these attacks are bad. I recommend touching on the fact that disability rights in the US has historically been bipartisan.

Solidarity too with trans and disabled people of color here too (I'm sorry DEI attacks are going after multiple parts of your identity).",663,114,"Trump's attacks on DEI does include disability There's a lot to get into, but when it comes to grant funding and hiring of federal workers, apparently DEI is evil now per executives orders. Funding into programs that actually help disabled people can be at risk.

If you're American and your politician is either pro-DEI attacks on seems on the fence, I recommend contacting them and saying why you think these attacks are bad. I recommend touching on the fact that disability rights in the US has historically been bipartisan.

Solidarity too with trans and disabled people of color here too (I'm sorry DEI attacks are going after multiple parts of your identity)."
1jfytee,Good news for us all,A federal judge has blocked Elon Musk and DOGE  from accessing personal information on social security.  That's a win for now. Also Georgia passed a law allowing people with intellectual disabilities  and the disabled in general to receive minimum wage so no more sub minimum wages for them in Georgia.  With all the choas going on in thought it would be nice to hear some good news. ,663,59,Good news for us all A federal judge has blocked Elon Musk and DOGE  from accessing personal information on social security.  That's a win for now. Also Georgia passed a law allowing people with intellectual disabilities  and the disabled in general to receive minimum wage so no more sub minimum wages for them in Georgia.  With all the choas going on in thought it would be nice to hear some good news. 
1jmpqz4,I just love to wake up to hate....,"The account is gone now thankfully, but unfortunately this hateful person is still on reddit",656,184,"I just love to wake up to hate.... The account is gone now thankfully, but unfortunately this hateful person is still on reddit"
1h1ykr9,.,,658,31,. 
1joxxar,Call It What It Is: A War on Disabled People,"Dear r/disability,

Let’s not waste time with pleasantries. The Trump agenda is a targeted, calculated assault on disabled people—wrapped in the language of “freedom” and “efficiency” while it grinds our rights into dust.

This isn’t just conservative policymaking. It’s structural violence. It’s gutting essential programs, gutting oversight, gutting access—then blaming us for the wreckage.

Medicaid? They came for it with knives out—proposing over $1.4 trillion in cuts. That’s not trimming fat. That’s slicing into the bone. That’s home care, prescriptions, assistive devices, community access—gone. And if you're not “productive” enough to work? Too bad. They’ve got “work requirements” waiting for you, like disability is some kind of choice.

Social Security? They pushed policies to make it harder to apply, harder to qualify, and harder to survive while you wait. They’ve gutted the agency so badly that disabled people are dying before their appeals even finish. That’s not neglect. That’s intent.

Education? They tried to dismantle the very agency responsible for enforcing our legal right to learn. The Department of Education was under siege, and so was IDEA. Their goal? Strip down protections, defund public schools, and call it “school choice.” For disabled students, that translates to fewer accommodations, fewer services, and more doors slammed in our faces.

Civil rights? They rolled back disability guidance across agencies. They stopped tracking data. They rescinded protections in housing, healthcare, and employment. Because if you delete the evidence of discrimination, you don’t have to do anything about it. Erasure as policy.

Veterans? Cuts to the very benefits promised in exchange for service. No shame. No honor. Just austerity for disabled vets, while they stroke billion-dollar defense budgets.

Early childhood supports? Slashed. Because why invest in disabled kids when you can abandon them early and call it “parental responsibility”?

This isn’t tough love. It’s eugenics through bureaucracy. It’s death by a thousand paper cuts, with a smirk and a flag pin.

This agenda isn’t about “making America great again.” It’s about making it cruel again—efficiently, bureaucratically, relentlessly.

And we are not collateral damage. We are the target.

We see it. We remember it. And we will not shut up about it.

Join, start here: r/50501",657,94,"Call It What It Is: A War on Disabled People Dear r/disability,

Let’s not waste time with pleasantries. The Trump agenda is a targeted, calculated assault on disabled people—wrapped in the language of “freedom” and “efficiency” while it grinds our rights into dust.

This isn’t just conservative policymaking. It’s structural violence. It’s gutting essential programs, gutting oversight, gutting access—then blaming us for the wreckage.

Medicaid? They came for it with knives out—proposing over $1.4 trillion in cuts. That’s not trimming fat. That’s slicing into the bone. That’s home care, prescriptions, assistive devices, community access—gone. And if you're not “productive” enough to work? Too bad. They’ve got “work requirements” waiting for you, like disability is some kind of choice.

Social Security? They pushed policies to make it harder to apply, harder to qualify, and harder to survive while you wait. They’ve gutted the agency so badly that disabled people are dying before their appeals even finish. That’s not neglect. That’s intent.

Education? They tried to dismantle the very agency responsible for enforcing our legal right to learn. The Department of Education was under siege, and so was IDEA. Their goal? Strip down protections, defund public schools, and call it “school choice.” For disabled students, that translates to fewer accommodations, fewer services, and more doors slammed in our faces.

Civil rights? They rolled back disability guidance across agencies. They stopped tracking data. They rescinded protections in housing, healthcare, and employment. Because if you delete the evidence of discrimination, you don’t have to do anything about it. Erasure as policy.

Veterans? Cuts to the very benefits promised in exchange for service. No shame. No honor. Just austerity for disabled vets, while they stroke billion-dollar defense budgets.

Early childhood supports? Slashed. Because why invest in disabled kids when you can abandon them early and call it “parental responsibility”?

This isn’t tough love. It’s eugenics through bureaucracy. It’s death by a thousand paper cuts, with a smirk and a flag pin.

This agenda isn’t about “making America great again.” It’s about making it cruel again—efficiently, bureaucratically, relentlessly.

And we are not collateral damage. We are the target.

We see it. We remember it. And we will not shut up about it.

Join, start here: r/50501"
177wplf,"Being a wheelchair/cane user in Ireland, I am so sick of this shit.","I can’t get a wheelchair because of my age. They’re normally, almost always in fact, given by the HSE to people who need them. I have chronic pain, every movement needs to calculated. This person thinks they’re entitled to make assumptions about me after they suggested I “just get a wheelchair” when I said I would never (if I could) STAND in a movie theatre to watch a movie because I don’t need to stand, but others may need to sit. I asked if they were going to pay for my chair. Nobody mentioned concerts. And I’m the one being downvoted? ARE YOU FUCKING SERIOUS!? THIS IS DISGUSTING.",652,188,"Being a wheelchair/cane user in Ireland, I am so sick of this shit. I can’t get a wheelchair because of my age. They’re normally, almost always in fact, given by the HSE to people who need them. I have chronic pain, every movement needs to calculated. This person thinks they’re entitled to make assumptions about me after they suggested I “just get a wheelchair” when I said I would never (if I could) STAND in a movie theatre to watch a movie because I don’t need to stand, but others may need to sit. I asked if they were going to pay for my chair. Nobody mentioned concerts. And I’m the one being downvoted? ARE YOU FUCKING SERIOUS!? THIS IS DISGUSTING."
1jee5og,It finally sunk in,"After almost 20 years of believing my family when they said ""you just have to pull yourself up by your bootstraps."", it's finally sunk in. I was approved for 54 hours a month of in home care, after being approved for government aid. 

I'm a whole part time job! No wonder things were so hard. No wonder I could never sustain a job. No wonder I kept feeling worse.
Turns out, I'm not weak, or ""sensitive"".

And someone is being paid to help me live a dignified, human, life. I feel, for the first time in my life, like there is maybe a sliver of room for me in this society. 

And I'm very grateful for that. ",648,31,"It finally sunk in After almost 20 years of believing my family when they said ""you just have to pull yourself up by your bootstraps."", it's finally sunk in. I was approved for 54 hours a month of in home care, after being approved for government aid. 

I'm a whole part time job! No wonder things were so hard. No wonder I could never sustain a job. No wonder I kept feeling worse.
Turns out, I'm not weak, or ""sensitive"".

And someone is being paid to help me live a dignified, human, life. I feel, for the first time in my life, like there is maybe a sliver of room for me in this society. 

And I'm very grateful for that. "
1h61zla,Happy International Day of Persons with disabilities. I would not change my disability for the world! ,,647,38,Happy International Day of Persons with disabilities. I would not change my disability for the world!  
1lzzce8,Thought y’all would like this,I find this so hard to explain to people! I have chronic back pain and walking is usually fine for me as long as I don’t push myself a bunch. But I can barely stand in place without pain. Doing dishes is unbearable 💀,645,44,Thought y’all would like this I find this so hard to explain to people! I have chronic back pain and walking is usually fine for me as long as I don’t push myself a bunch. But I can barely stand in place without pain. Doing dishes is unbearable 💀
1ir9y7s,Are posts like these just weird to y'all or just me?,,643,85,Are posts like these just weird to y'all or just me? 
1ihkfxy,"Posted to my college’s subreddit to ask who to report this to/who to get help from, it got taken down for being false…","Context: I have a medical plan with the school that gets sent to my professors, and have been told that it does include photosensitive as a trigger. This was confirmed by my program coordinator after this and she confirmed it. The professor played strobe lights in our dark lecture hall with zero warning, causing a seizure. The seizure caused a dislocated hip and moderate concussion. 
I have to go back to her class today and I’m so stressed ",648,129,"Posted to my college’s subreddit to ask who to report this to/who to get help from, it got taken down for being false… Context: I have a medical plan with the school that gets sent to my professors, and have been told that it does include photosensitive as a trigger. This was confirmed by my program coordinator after this and she confirmed it. The professor played strobe lights in our dark lecture hall with zero warning, causing a seizure. The seizure caused a dislocated hip and moderate concussion. 
I have to go back to her class today and I’m so stressed "
ob1gto,True,,643,12,True 
1jszke3,"Review: I used one of the affordable new exoskeletons, it's a game-changer!","Hi all, I have been disabled since 20, mostly using a crutch or stick and switching to a wheelchair for the big days out. I am 45 now and have rheumatoid arthritis and MCTD with a lot of muscle wastage. I become exhausted, with hot and painful joints after mere minutes of walking, and only have about 20 minutes in me before I *need* to rest. I am almost always short of breath, to the point that talking is difficult.

This weekend I used a ‘walk-assistive exo-skeleton’ for the first time, and it has blown me away so far. I did three experiments:

* I walked for 6km, 9000 steps, 1 hour 30 minutes, around a nature reserve, with no stopping at all and no need to rest afterwards. Normally, I would feel absolutely awful, be panting for breath, and need to lie down to recuperate for a time.
* A little later I went into town and added another 5000 steps, shopping.
* Yesterday, I did my usual E-bike route. Normally, I’d need to stop to catch my breath, change gear a lot, and risk assess my energy levels. With the exo-skeleton, I never stopped, never needed to change gear, and was never out of breath!

After all of these excursions, I felt completely fresh and ready to go again, to the point where I had to be told to be sensible and go and rest! So yes, it's only very early days but I love it so far, and so I wanted to share it with my fellow disabled subredditors.

  
I think there are more of them coming onto the market now but I only own a [Hypershell Pro X](https://hypershell.tech/en-uk/products/hypershell-x) so I can only talk about that. (As an existing owner, I have a discount code if anyone should want it.)

If anyone has any questions I will happily answer them.",645,181,"Review: I used one of the affordable new exoskeletons, it's a game-changer! Hi all, I have been disabled since 20, mostly using a crutch or stick and switching to a wheelchair for the big days out. I am 45 now and have rheumatoid arthritis and MCTD with a lot of muscle wastage. I become exhausted, with hot and painful joints after mere minutes of walking, and only have about 20 minutes in me before I *need* to rest. I am almost always short of breath, to the point that talking is difficult.

This weekend I used a ‘walk-assistive exo-skeleton’ for the first time, and it has blown me away so far. I did three experiments:

* I walked for 6km, 9000 steps, 1 hour 30 minutes, around a nature reserve, with no stopping at all and no need to rest afterwards. Normally, I would feel absolutely awful, be panting for breath, and need to lie down to recuperate for a time.
* A little later I went into town and added another 5000 steps, shopping.
* Yesterday, I did my usual E-bike route. Normally, I’d need to stop to catch my breath, change gear a lot, and risk assess my energy levels. With the exo-skeleton, I never stopped, never needed to change gear, and was never out of breath!

After all of these excursions, I felt completely fresh and ready to go again, to the point where I had to be told to be sensible and go and rest! So yes, it's only very early days but I love it so far, and so I wanted to share it with my fellow disabled subredditors.

  
I think there are more of them coming onto the market now but I only own a [Hypershell Pro X](https://hypershell.tech/en-uk/products/hypershell-x) so I can only talk about that. (As an existing owner, I have a discount code if anyone should want it.)

If anyone has any questions I will happily answer them."
1lkxgg9,Some environmentalists seem to forget disabled people exist.,"I was watching a video of someone showing the right side of the road, which was full of bushes, trees, and tall grass. And then they showed the other side of the road which had pavements/sidewalks, and houses. They said that the other side should look like the right side, but people on a wheelchair like me would find it very difficult to navigate something like that, and it's so sad that people still somehow forget we exist. Someone even said we should turn pavements into dirt, but this would also make it difficult to navigate in a wheelchair. Don't get me wrong, I don't hate environmentalism, but like when it comes to ruining the lives of disabled people, that's when it crosses a line.",639,84,"Some environmentalists seem to forget disabled people exist. I was watching a video of someone showing the right side of the road, which was full of bushes, trees, and tall grass. And then they showed the other side of the road which had pavements/sidewalks, and houses. They said that the other side should look like the right side, but people on a wheelchair like me would find it very difficult to navigate something like that, and it's so sad that people still somehow forget we exist. Someone even said we should turn pavements into dirt, but this would also make it difficult to navigate in a wheelchair. Don't get me wrong, I don't hate environmentalism, but like when it comes to ruining the lives of disabled people, that's when it crosses a line."
1fqzh1l,i love this. furries are cool actually ,,642,50,i love this. furries are cool actually  
kbqlph,Today I graduated college with a BA in vocal music and 47% lung capacity.,,637,40,Today I graduated college with a BA in vocal music and 47% lung capacity. 
1gn5ok5,Anyone else sick of ppl forgetting we will be affected too?,"I keep seeing people saying they can't wait for Trump supporters to lose their SSI, that they had it coming, that many won't survive-oh well, that they did it to themselves etc etc

Disabled people are more often than not overlooked, ignored and forgotten, and I'm not naive enough to expect everyone to think about us. It is what it is, and it sucks.

But I'm sick of seeing this revengeful joy and forgetting so many of us are going to suffer dearly-with our homes, health and lives.

 I get being pissed at the ppl that voted for Trump, I don't consider them to have hearts. I think they are all part of a hateful, violent cult. So I get the anger.

But they all forget about us. They forget we will die, we will suffer, we will lose our homes and safety and medications and treatments. I'm tired of seeing it. I'm tired of not existing. I'm tired of the thought that we will continue to be invisible to people as we lose what little we had. As we lose each other. And they won't care bc they won't notice. How are we supposed to expect community help when we don't exist to so many of them? 

So they keep thinking only old people get SSI, and that only Trump voters get SSI. 

",635,275,"Anyone else sick of ppl forgetting we will be affected too? I keep seeing people saying they can't wait for Trump supporters to lose their SSI, that they had it coming, that many won't survive-oh well, that they did it to themselves etc etc

Disabled people are more often than not overlooked, ignored and forgotten, and I'm not naive enough to expect everyone to think about us. It is what it is, and it sucks.

But I'm sick of seeing this revengeful joy and forgetting so many of us are going to suffer dearly-with our homes, health and lives.

 I get being pissed at the ppl that voted for Trump, I don't consider them to have hearts. I think they are all part of a hateful, violent cult. So I get the anger.

But they all forget about us. They forget we will die, we will suffer, we will lose our homes and safety and medications and treatments. I'm tired of seeing it. I'm tired of not existing. I'm tired of the thought that we will continue to be invisible to people as we lose what little we had. As we lose each other. And they won't care bc they won't notice. How are we supposed to expect community help when we don't exist to so many of them? 

So they keep thinking only old people get SSI, and that only Trump voters get SSI. 

"
k1kd7t,Pure Evil 😈,,628,15,Pure Evil 😈 
1i75kbg,Should we ban links to X posts in here?,I’m not a mod and have no power over this but I did want to bring it up for discussion. I saw other subreddits doing it and think it’s a good idea.,619,181,Should we ban links to X posts in here? I’m not a mod and have no power over this but I did want to bring it up for discussion. I saw other subreddits doing it and think it’s a good idea.
1kwyqgo,⭐️💕🩵My new Joystick! I matched it to my sleeve!🩵💕⭐️,,622,32,⭐️💕🩵My new Joystick! I matched it to my sleeve!🩵💕⭐️ 
1hi7799,Just had an insane customer interaction ,"I was checking a man out, and out of nowhere he says “my friend’s son died from what you have.” Cue my above reaction.

“Sir, I have cerebral palsy”
“Yeah I know :)”

Absolutely insane statement to say to the minimum wage worker who’s just existing.",618,53,"Just had an insane customer interaction  I was checking a man out, and out of nowhere he says “my friend’s son died from what you have.” Cue my above reaction.

“Sir, I have cerebral palsy”
“Yeah I know :)”

Absolutely insane statement to say to the minimum wage worker who’s just existing."
1iyd2iy,"i mean, this is the gist of it",,620,79,"i mean, this is the gist of it "
1jb8z8x,“You have real symptoms. Just because I don’t have answers for you doesn’t mean there’s not something going on.” - My doctor,"That was her response when I thanked her for not dismissing me and trying to find answers. 

She’s such a wonderful, affirming doctor. When I think I’m going crazy and everything is in my head, she pulls me out and lets me know that’s a lie. 

As long as I’m willing to fight, so is she. I’m so thankful for her. ",616,57,"“You have real symptoms. Just because I don’t have answers for you doesn’t mean there’s not something going on.” - My doctor That was her response when I thanked her for not dismissing me and trying to find answers. 

She’s such a wonderful, affirming doctor. When I think I’m going crazy and everything is in my head, she pulls me out and lets me know that’s a lie. 

As long as I’m willing to fight, so is she. I’m so thankful for her. "
1cqngyo,I'm a disabled college student who just graduated...I can't decide if my parents are hilarious or horrible human beings. 🤣,,600,84,I'm a disabled college student who just graduated...I can't decide if my parents are hilarious or horrible human beings. 🤣 
1lwruk5,Someone left this on my car while i was out of state…a cop drove by making sure i had one…while it was literally hanging,,598,243,Someone left this on my car while i was out of state…a cop drove by making sure i had one…while it was literally hanging 
1fgcqoy,Went to my first specialist. ,,604,21,Went to my first specialist.  
13psns3,Today is fun.,,601,24,Today is fun. 
1iwr72m,"Trump’s Commerce Sec. Says Musk Will ‘Get Rid of’ Social Security, Medicare, and Medicaid Because They Are ‘Tax Scams’","I’ve seen over and over again on this sub people talking about their fear of what this administration might do to the programs they rely on and over and over again I’ve seen them shouted down and derided for it.

I’m not saying “this is happening”. I’m saying that people with real power in this administration are openly calling for it. This is hardly the first time, though it may be the most explicit and extreme so far.

Given how devastating it would be to so many people here, I think it’s time we stopped pretending it’s not reasonable to be concerned and discuss it.",601,247,"Trump’s Commerce Sec. Says Musk Will ‘Get Rid of’ Social Security, Medicare, and Medicaid Because They Are ‘Tax Scams’ I’ve seen over and over again on this sub people talking about their fear of what this administration might do to the programs they rely on and over and over again I’ve seen them shouted down and derided for it.

I’m not saying “this is happening”. I’m saying that people with real power in this administration are openly calling for it. This is hardly the first time, though it may be the most explicit and extreme so far.

Given how devastating it would be to so many people here, I think it’s time we stopped pretending it’s not reasonable to be concerned and discuss it."
1gkebgz,Curbside but request within?!! Defeats the purpose doesn't it?,"So I just went to vote and saw this sign but there was no number. I called the community center's main number and the lady who answered had no idea what to do or that there was even a sign up offering curbside voting. I eventually gave in and parked and went inside (*had to park in regular parking because this particular location has construction and all the handicap parking spaces are blocked off by a fence).

I asked the first voting volunteer I saw about curbside parking and why there wasn't a phone number attached and he said,

""If you're handicapped enough to need that you will have someone with you that needs to come inside and get one of us""

Of course I replied with, ""That's a very ignorant thing to say, all you need to do is put a phone number on the sign for individuals to call, not everyone has someone.""

So now I'm paingry and annoyed. Gonna get home and take some meds, but yay I voted.",593,53,"Curbside but request within?!! Defeats the purpose doesn't it? So I just went to vote and saw this sign but there was no number. I called the community center's main number and the lady who answered had no idea what to do or that there was even a sign up offering curbside voting. I eventually gave in and parked and went inside (*had to park in regular parking because this particular location has construction and all the handicap parking spaces are blocked off by a fence).

I asked the first voting volunteer I saw about curbside parking and why there wasn't a phone number attached and he said,

""If you're handicapped enough to need that you will have someone with you that needs to come inside and get one of us""

Of course I replied with, ""That's a very ignorant thing to say, all you need to do is put a phone number on the sign for individuals to call, not everyone has someone.""

So now I'm paingry and annoyed. Gonna get home and take some meds, but yay I voted."
13znqh2,The misinformation about disability benefits by conservatives is breathtaking,"Went out to lunch with a family friend who's a well-known conservative, loves cops, hates welfare, ""nobody wants to work anymore"", blah blah. I recently found out I have epilepsy, which would qualify me for disability but so far it's not debilitating and I can still do my job. 

When I said I was hoping to get a remote job so I didn't have to rely on the bus or asking for rides, she chimed in that people working from home are ruining the job market and they're lazy, I reminded her that her best friend, my mother who was sitting across from her at the table, worked remote and most people who like working from home are more productive because they're happier and have fewer unwanted distractions. She said ""oh well that's an exception"" and sheepishly changed the subject to...

""Well why don't you just get on disability and start living large"" with this gross smug look on her face. I had to tell her that I may be disallowed from driving and if my seizures get worse I might lose my job, but right now I'm stable and I make three times as much money as disability pays out so I wouldn't qualify. She looked confused and said ""but my husband's ex-wife is on permanent disability for long-term emotional problems related to her divorce, she brags about it constantly and has loads of income! Disability Queens are the new Welfare Queens!"" and I looked her straight in the face and told her ""Either she's lying about her disability and is multiple defrauding the government or she's getting under-the-table income elsewhere and using disability as a cover.""

She refused to believe me. I showed her the maximum someone on disability can make in our state per our state website *and* the rules about working while on disability and she said I can just cheat the system and get more. I told her I wasn't interested in being a criminal. She was completely floored that disability fraud is a crime and that it's not the norm for regular disabled people just trying to get by.

Needless to say I won't be going to anymore brunches with her.",592,165,"The misinformation about disability benefits by conservatives is breathtaking Went out to lunch with a family friend who's a well-known conservative, loves cops, hates welfare, ""nobody wants to work anymore"", blah blah. I recently found out I have epilepsy, which would qualify me for disability but so far it's not debilitating and I can still do my job. 

When I said I was hoping to get a remote job so I didn't have to rely on the bus or asking for rides, she chimed in that people working from home are ruining the job market and they're lazy, I reminded her that her best friend, my mother who was sitting across from her at the table, worked remote and most people who like working from home are more productive because they're happier and have fewer unwanted distractions. She said ""oh well that's an exception"" and sheepishly changed the subject to...

""Well why don't you just get on disability and start living large"" with this gross smug look on her face. I had to tell her that I may be disallowed from driving and if my seizures get worse I might lose my job, but right now I'm stable and I make three times as much money as disability pays out so I wouldn't qualify. She looked confused and said ""but my husband's ex-wife is on permanent disability for long-term emotional problems related to her divorce, she brags about it constantly and has loads of income! Disability Queens are the new Welfare Queens!"" and I looked her straight in the face and told her ""Either she's lying about her disability and is multiple defrauding the government or she's getting under-the-table income elsewhere and using disability as a cover.""

She refused to believe me. I showed her the maximum someone on disability can make in our state per our state website *and* the rules about working while on disability and she said I can just cheat the system and get more. I told her I wasn't interested in being a criminal. She was completely floored that disability fraud is a crime and that it's not the norm for regular disabled people just trying to get by.

Needless to say I won't be going to anymore brunches with her."
1i312pw,I got approved!!,I didn’t expect to get approved the first time! Especially since my disability is PTSD. But I got approved!! It’s been a year and 3 months since I first applied and I’m honestly in shock. I’ve been lurking here for a while and feeling pretty hopeless. Wow. ,594,75,I got approved!! I didn’t expect to get approved the first time! Especially since my disability is PTSD. But I got approved!! It’s been a year and 3 months since I first applied and I’m honestly in shock. I’ve been lurking here for a while and feeling pretty hopeless. Wow. 
1du5lfs,WTF? Why is this even a topic of debate?,,592,117,WTF? Why is this even a topic of debate? 
1g9vesl,"If Trump wins, I’ll lose some of my disability income ","So I really hope he doesn’t win. I’m trying to think positive. The only time in 20 years that I’ve been on disability, when Trump was in office my income was cut  by about 2%. That’s a lot. No one else  has done  that. I usually get cost of living raises. Don’t people understand that the current President inherited the economy from the previous President? That’s why the economy is so hard and with inflation. The pandemic did a number on everything and Trump made it worse. Biden inherited his crap. With Biden I got an along 3% cost of living increase on disability. Thank goodness or else I would be homeless. I just found out my place is increasing the rent at the beginning of the year. I don’t even make enough to qualify for the apt I’m in but the manager let it slide. If I earn less (if he gets elected god I hope not) and with a rent increase I’ll be facing homelessness. Also if you care about women at all please don’t vote for that imbecile. Thank you and here’s to Harris giving us a cost of living increase!",592,489,"If Trump wins, I’ll lose some of my disability income  So I really hope he doesn’t win. I’m trying to think positive. The only time in 20 years that I’ve been on disability, when Trump was in office my income was cut  by about 2%. That’s a lot. No one else  has done  that. I usually get cost of living raises. Don’t people understand that the current President inherited the economy from the previous President? That’s why the economy is so hard and with inflation. The pandemic did a number on everything and Trump made it worse. Biden inherited his crap. With Biden I got an along 3% cost of living increase on disability. Thank goodness or else I would be homeless. I just found out my place is increasing the rent at the beginning of the year. I don’t even make enough to qualify for the apt I’m in but the manager let it slide. If I earn less (if he gets elected god I hope not) and with a rent increase I’ll be facing homelessness. Also if you care about women at all please don’t vote for that imbecile. Thank you and here’s to Harris giving us a cost of living increase!"
1ib0hyf,You DONT have to protest to help,"I see a lot online of people saying “well don’t just stand there and whine. Go protest”

It’s okay to not be able to protest. 
If a panic breaks out and you can’t move in time to avoid a stampede that means you might break bones because you got ran over by other people. 
If you get arrested and detained and they won’t give you meds you HAVE to take that could extreme symptoms and even death. 
Do you go nonverbal or have uncontrolled movements? Cops might take that as a threat and you could be in DANGER. 

Here’s how to help instead
- flood tip lines. Back when the abortion ban first came out people were great at this. You can do this again but with ICE or when big protests break, helping divert police attention (be careful though)
- be a check in person. If your friends are protesting have them message you often so you know they are okay and not injured or arrested
- bail them out, be the one phone call they know will pick up wig they are detained because they know you weren’t at a protest
- watch kids if you can. If your friends have kids but want to protest, offer to watch the children so they can go and not have to worry about them. 
- station yourself farther away from the protest and offer aid. Set up a first aid station far enough away to where you arent in danger and spread word to protesters about where you are so if they get hurt they know where to go


Take care of yourself first, because many people in these protests will also be focused on themselves because they don’t want to get hurt either. Know you limits, and help where you can. ",589,50,"You DONT have to protest to help I see a lot online of people saying “well don’t just stand there and whine. Go protest”

It’s okay to not be able to protest. 
If a panic breaks out and you can’t move in time to avoid a stampede that means you might break bones because you got ran over by other people. 
If you get arrested and detained and they won’t give you meds you HAVE to take that could extreme symptoms and even death. 
Do you go nonverbal or have uncontrolled movements? Cops might take that as a threat and you could be in DANGER. 

Here’s how to help instead
- flood tip lines. Back when the abortion ban first came out people were great at this. You can do this again but with ICE or when big protests break, helping divert police attention (be careful though)
- be a check in person. If your friends are protesting have them message you often so you know they are okay and not injured or arrested
- bail them out, be the one phone call they know will pick up wig they are detained because they know you weren’t at a protest
- watch kids if you can. If your friends have kids but want to protest, offer to watch the children so they can go and not have to worry about them. 
- station yourself farther away from the protest and offer aid. Set up a first aid station far enough away to where you arent in danger and spread word to protesters about where you are so if they get hurt they know where to go


Take care of yourself first, because many people in these protests will also be focused on themselves because they don’t want to get hurt either. Know you limits, and help where you can. "
15vsgsp,I shouldn't have to tip for existing with a disability.,"provide insurance punch bear label simplistic squeal violet ask deliver

 *This post was mass deleted and anonymized with [Redact](https://redact.dev/home)*",591,113,"I shouldn't have to tip for existing with a disability. provide insurance punch bear label simplistic squeal violet ask deliver

 *This post was mass deleted and anonymized with [Redact](https://redact.dev/home)*"
xwm16l,I did not know that. Yikes.,,586,80,I did not know that. Yikes. 
x8lqyl,People in crowds don't see me and always run into me at night and dusk - hopefully this will help.,,585,32,People in crowds don't see me and always run into me at night and dusk - hopefully this will help. 
1mmtkgd,Thought some people might find this amusing,,581,22,Thought some people might find this amusing 
yllohs,I found an old picture of me as a child. Saw the smile I wore on it. Got emotional and wanted to draw it. Thought I might share it with with you! [Swipe for reference],,579,41,I found an old picture of me as a child. Saw the smile I wore on it. Got emotional and wanted to draw it. Thought I might share it with with you! [Swipe for reference] 
1flcs2k,Disability guilt ,,573,36,Disability guilt  
1mgzkmg,Disabled people in America. I’m scared.,"Hi, 
I’m afraid. 
With physical and mental disability I don’t know what my future looks like under this presidency. With the EO titled “ending crime and disorder on Americas streets” 
They use language that is as vague as it is terrifying. Making it known that they will be targeting unhoused people especially but also mentally unwell people and people who are “unable to take care of themselves” forcing such people into institutions. What do we do? How do we keep ourselves and loved ones safe? What do you think this all means? ",569,253,"Disabled people in America. I’m scared. Hi, 
I’m afraid. 
With physical and mental disability I don’t know what my future looks like under this presidency. With the EO titled “ending crime and disorder on Americas streets” 
They use language that is as vague as it is terrifying. Making it known that they will be targeting unhoused people especially but also mentally unwell people and people who are “unable to take care of themselves” forcing such people into institutions. What do we do? How do we keep ourselves and loved ones safe? What do you think this all means? "
1lyuq7f,Just found this while cleaning out my drawers,"My dad definitely wrote this btw lol. 
I think this was 7th grade in Health. Idk why this ended up being made tho. Maybe something for end of school year. This makes me cry every time I do this drawer clean out. 

I was diagnosed with Cerebral Palsy in October 2019( 6th grade and 12 years old) and was nonverbal for those 12 years until I was diagnosed. I try my absolute hardest to be the person my dad wrote about 4 years ago. I’m still the peacemaker of the family and just in general, I try my hardest to be the light in the darkness. 

Thank you Dad for writing this. And anyone who is struggling with their disability, please don’t give up. I spent the first 12 years of my life being a prisoner in my own body. I couldn’t talk, had trouble walking, and had no choice in what I wanted. Thankfully, I got out of the prison and has been trying to help others do the same thing. 

I cried while making this post. Thank you for reading. 

Everything Happens For A Reason. Someone out there loves you. If you don’t think so, I love you. 🩵",576,28,"Just found this while cleaning out my drawers My dad definitely wrote this btw lol. 
I think this was 7th grade in Health. Idk why this ended up being made tho. Maybe something for end of school year. This makes me cry every time I do this drawer clean out. 

I was diagnosed with Cerebral Palsy in October 2019( 6th grade and 12 years old) and was nonverbal for those 12 years until I was diagnosed. I try my absolute hardest to be the person my dad wrote about 4 years ago. I’m still the peacemaker of the family and just in general, I try my hardest to be the light in the darkness. 

Thank you Dad for writing this. And anyone who is struggling with their disability, please don’t give up. I spent the first 12 years of my life being a prisoner in my own body. I couldn’t talk, had trouble walking, and had no choice in what I wanted. Thankfully, I got out of the prison and has been trying to help others do the same thing. 

I cried while making this post. Thank you for reading. 

Everything Happens For A Reason. Someone out there loves you. If you don’t think so, I love you. 🩵"
11aiecd,shout-out to my disabled LGBTQ+ family (and everyone else),,570,78,shout-out to my disabled LGBTQ+ family (and everyone else) 
1n6x6s0,Rude Email by Professor,"You guys are going to think I am crazy for still dwelling on this. So, a few years I got approved for accomodations. My professor wrote a snippy comment insuitating that I did not need it. I contacted the Disability office about it. She later justified it to the office saying it was because students don’t usually get them in the middle of the semester. But thats not what she was implying at all. It was a hurtful comment, because it made me feel that what was causing me to get the accommodation (which she did not know the reason) was not valid. I also had to rush through her quizzes and tests. She would give us 10 minutes to do a 30-question test that wasn’t even multiple choice :)

I wish I replied: Ironically, you are a college professor using a double negative",572,147,"Rude Email by Professor You guys are going to think I am crazy for still dwelling on this. So, a few years I got approved for accomodations. My professor wrote a snippy comment insuitating that I did not need it. I contacted the Disability office about it. She later justified it to the office saying it was because students don’t usually get them in the middle of the semester. But thats not what she was implying at all. It was a hurtful comment, because it made me feel that what was causing me to get the accommodation (which she did not know the reason) was not valid. I also had to rush through her quizzes and tests. She would give us 10 minutes to do a 30-question test that wasn’t even multiple choice :)

I wish I replied: Ironically, you are a college professor using a double negative"
1lt2hlb,My husband added a wheelchair ramp to access our sunroom. I took up gardening last year after becoming an ambulatory wheelchair user because I used to be a mountaineer and missed nature. Now I can wheel right up to my own piece of the outdoors.,"Major quality of life points added. If you used to be a big outdoor person or very active I cannot recommend gardening enough! It’s given me back a piece of me i lost on my worst days I can still get my hands in the dirt, and it has lifted my spirits so much. ",567,25,"My husband added a wheelchair ramp to access our sunroom. I took up gardening last year after becoming an ambulatory wheelchair user because I used to be a mountaineer and missed nature. Now I can wheel right up to my own piece of the outdoors. Major quality of life points added. If you used to be a big outdoor person or very active I cannot recommend gardening enough! It’s given me back a piece of me i lost on my worst days I can still get my hands in the dirt, and it has lifted my spirits so much. "
1mkk4xi,I can't handle it chat 🥲,,564,33,I can't handle it chat 🥲 
1mct6qr,Update on “pregnant with limb different baby”,"Our daughter turned a year last month so I wanted to give an update to this community since yall were so helpful with advice and reassurances when we first got the news.

To everyone that commented- you will never know how much it meant to me and how it really helped set things in perspective and realize everything was going to be ok. It was earth shattering news when my husband and I found out during our 20 week ultrasound that our daughter was going to be born missing most of her right arm and several fingers. The reassurances and first hand accounts we got from this community were honestly a life saver.

Our daughter was born just shy of 8 pounds and ready to take on the world. She is so perfect and everything we could have asked for. She has so much personality now, she doesn’t let anything slow her down. She crawled at 5 months, a little lopsided but still “fast as heck boi” as her brother likes to say. She’s up and running now, being an absolute terror to us, her big brother, and anyone that stands still long enough lol. She’s the happiest little baby I’ve ever met, she never stops smiling, and she’s so smart it’s ridiculous.

We’ve had a couple appointments with an orthopedic surgeon that we really like, they’ve taken X-rays and all. The doctor is very impressed with the use she has of her arm and says at this time there’s no need to amputate or have her fitted for a prosthetic. She uses the heck out of her little arm and grabs everything between her two little fingers. The only issue she has is that it’s significantly shorter than a standard arm, and she doesn’t have an elbow joint so it doesn’t bend, but she’s figuring it out. The doctor says he’s not sure whether it will continue to grow and how it will function as she gets older, but we’ll cross that bridge when we get to it.

I know I’m probably rambling, but we’re so proud of her, she’s our little ray of sunshine.
Thanks again to everyone in this community that reached out with advice or personal stories, it helped us more than you’ll ever know. ",568,40,"Update on “pregnant with limb different baby” Our daughter turned a year last month so I wanted to give an update to this community since yall were so helpful with advice and reassurances when we first got the news.

To everyone that commented- you will never know how much it meant to me and how it really helped set things in perspective and realize everything was going to be ok. It was earth shattering news when my husband and I found out during our 20 week ultrasound that our daughter was going to be born missing most of her right arm and several fingers. The reassurances and first hand accounts we got from this community were honestly a life saver.

Our daughter was born just shy of 8 pounds and ready to take on the world. She is so perfect and everything we could have asked for. She has so much personality now, she doesn’t let anything slow her down. She crawled at 5 months, a little lopsided but still “fast as heck boi” as her brother likes to say. She’s up and running now, being an absolute terror to us, her big brother, and anyone that stands still long enough lol. She’s the happiest little baby I’ve ever met, she never stops smiling, and she’s so smart it’s ridiculous.

We’ve had a couple appointments with an orthopedic surgeon that we really like, they’ve taken X-rays and all. The doctor is very impressed with the use she has of her arm and says at this time there’s no need to amputate or have her fitted for a prosthetic. She uses the heck out of her little arm and grabs everything between her two little fingers. The only issue she has is that it’s significantly shorter than a standard arm, and she doesn’t have an elbow joint so it doesn’t bend, but she’s figuring it out. The doctor says he’s not sure whether it will continue to grow and how it will function as she gets older, but we’ll cross that bridge when we get to it.

I know I’m probably rambling, but we’re so proud of her, she’s our little ray of sunshine.
Thanks again to everyone in this community that reached out with advice or personal stories, it helped us more than you’ll ever know. "
1gyo3xr,"""Your body just makes you THINK it hurts...""","
(now-ex)Friend seizes my medicine bottle. ""See this? It says 'every 6 hours AS NEEDED', not take one every six hours....."" She puts her arm around me. ""Honey, I know this is hard for you to hear, but your body is just making you think it hurts so you'll feed it more drugs.""

She hands me the number of a rehab clinic and says she's already talked to them. Won't listen to explanations about chronic pain and how it works. I'm in ""denial"", there are ""other reliable treatments"" like meditation and Cognitive Behavior Therapy that ""cure"" chronic pain. The rehab clinic explained it all to her.

My husband had to grab her arm and haul her out the door.

She tried to call with the ""I Love You But I Will Not 'Enable'"" bullshit. He told her that not comingvover or calling anymore was the only good idea she had.

I'vechad PT, multiple surgeries, chiropractic, Epidural Steroid Injections, Radio-Frequency Ablation and all available treatment methods failed. That's why my surgeon finally sent me to pain management. Tried several different combos of meds before I found something sufficient to take the edge off!

I do a combo of phys therapy, chiro and meds, but nothing has cured my pain. On a VERY good day I can go around 8 hours on a single dose of meds before pain seizes like an angry, burning demonic vise.

Getting meds, and getting an adequate dose, is like pulling teeth. The first thing a new doc wants to do is cut my dose, regardless of how many years I've been in pain management therapy. ""But there are docs who prescribe opioids 'like candy'"" insists the public. (Odd that I have never met one in almost 20 years of this shit!)

But The Normbos don't believe that.....

UPDATE:  **THANK YOU** for all the kind replies. She was not the first person to spout off about drugs (sigh) but nobody ever went THAT far! I'm a bitch who has no problem blasting morons - but this was one of those Unable To Retort Because I was So Stunned This Was Happening At All moments. Total shock that somebody I'd known so long would do this shit.

My husband is great. He was disabled when we got married and I was our sole support. During a real low moment I told him I understood if he didn't want to stay because he didn't sign up for this. In his finest hour, he said, ""Why wouldn't I? You did.""

He's more severely disabled thsn me from infancy-onset diabetes. His type is so severe that most patients don't make it out of their 20s even with proper care, diet and insulin injections. He beat the odds -but lost almost all his hearing at age 9, diabetic retinopathy at 22, a stroke at 32, then total renal failure and a transplant. He spent almost 4 years awaiting his transplant because he needed a pancreas with the kidney.

If you ask him, he tells you he has not had a bad life! He's my hero.

Me, I am a very angry person. I was an athlete and we were trained to ignore pain and push through. This didn't serve me well because it's what I tried to do! Unaware that my injury was serious, I avoided seeing a doctor until my pain was unbearable! (3 weeks afterward) Then I wasted time on PT when I should've had surgery immediately. Wpund up with permanent nerve damage. I have spinal stenosis and degenerative disk disease that wasn't detected until I herniated a disk. I had so many bone spurs and old, healed fractures that the radiologist who read my MRI thought I'd been in a car accident at some point in my life (no). I'm no wuss. ",563,135,"""Your body just makes you THINK it hurts..."" 
(now-ex)Friend seizes my medicine bottle. ""See this? It says 'every 6 hours AS NEEDED', not take one every six hours....."" She puts her arm around me. ""Honey, I know this is hard for you to hear, but your body is just making you think it hurts so you'll feed it more drugs.""

She hands me the number of a rehab clinic and says she's already talked to them. Won't listen to explanations about chronic pain and how it works. I'm in ""denial"", there are ""other reliable treatments"" like meditation and Cognitive Behavior Therapy that ""cure"" chronic pain. The rehab clinic explained it all to her.

My husband had to grab her arm and haul her out the door.

She tried to call with the ""I Love You But I Will Not 'Enable'"" bullshit. He told her that not comingvover or calling anymore was the only good idea she had.

I'vechad PT, multiple surgeries, chiropractic, Epidural Steroid Injections, Radio-Frequency Ablation and all available treatment methods failed. That's why my surgeon finally sent me to pain management. Tried several different combos of meds before I found something sufficient to take the edge off!

I do a combo of phys therapy, chiro and meds, but nothing has cured my pain. On a VERY good day I can go around 8 hours on a single dose of meds before pain seizes like an angry, burning demonic vise.

Getting meds, and getting an adequate dose, is like pulling teeth. The first thing a new doc wants to do is cut my dose, regardless of how many years I've been in pain management therapy. ""But there are docs who prescribe opioids 'like candy'"" insists the public. (Odd that I have never met one in almost 20 years of this shit!)

But The Normbos don't believe that.....

UPDATE:  **THANK YOU** for all the kind replies. She was not the first person to spout off about drugs (sigh) but nobody ever went THAT far! I'm a bitch who has no problem blasting morons - but this was one of those Unable To Retort Because I was So Stunned This Was Happening At All moments. Total shock that somebody I'd known so long would do this shit.

My husband is great. He was disabled when we got married and I was our sole support. During a real low moment I told him I understood if he didn't want to stay because he didn't sign up for this. In his finest hour, he said, ""Why wouldn't I? You did.""

He's more severely disabled thsn me from infancy-onset diabetes. His type is so severe that most patients don't make it out of their 20s even with proper care, diet and insulin injections. He beat the odds -but lost almost all his hearing at age 9, diabetic retinopathy at 22, a stroke at 32, then total renal failure and a transplant. He spent almost 4 years awaiting his transplant because he needed a pancreas with the kidney.

If you ask him, he tells you he has not had a bad life! He's my hero.

Me, I am a very angry person. I was an athlete and we were trained to ignore pain and push through. This didn't serve me well because it's what I tried to do! Unaware that my injury was serious, I avoided seeing a doctor until my pain was unbearable! (3 weeks afterward) Then I wasted time on PT when I should've had surgery immediately. Wpund up with permanent nerve damage. I have spinal stenosis and degenerative disk disease that wasn't detected until I herniated a disk. I had so many bone spurs and old, healed fractures that the radiologist who read my MRI thought I'd been in a car accident at some point in my life (no). I'm no wuss. "
1ixg6bn,I’m doing this. Anyone else?,,562,124,I’m doing this. Anyone else? 
uxc469,“Other countries have immigration policies that discriminate against us”,,566,60,“Other countries have immigration policies that discriminate against us” 
11icwfr,Our dear friend and mentor Judy Heumann has passed away. She fought her entire life to make sure our community is treated with respect and dignity and has been directly involved with engaging and building generations of disability leaders. An official announcement should be made shortly.,,557,43,Our dear friend and mentor Judy Heumann has passed away. She fought her entire life to make sure our community is treated with respect and dignity and has been directly involved with engaging and building generations of disability leaders. An official announcement should be made shortly. 
1gc6gin,Cool 👍🏻,,552,97,Cool 👍🏻 
1fnbk38,JOHN OLIVER COVERED DISABILITY BENEFITS!!,REPEAT! JOHN OLIVER COVERED DISABILITY BENEFITS! THIS IS NOT A DRILL! I’ve been waiting for this piece for AGES! https://youtu.be/_hIOdiYYSnc?si=ySBT010hi5_fhELd,551,73,JOHN OLIVER COVERED DISABILITY BENEFITS!! REPEAT! JOHN OLIVER COVERED DISABILITY BENEFITS! THIS IS NOT A DRILL! I’ve been waiting for this piece for AGES! https://youtu.be/_hIOdiYYSnc?si=ySBT010hi5_fhELd
1ho0ywm,What i fear of the next 10 years,,552,128,What i fear of the next 10 years 
1kpw42j,To the people who voted for trump and republicans,"When they pass this truly evil work requirements bill
Kicking at least 15 million people of Medicaid .

And preventing those do get kicked off from buying insurance off the marketplace ,and from states from waiving the work requirement.

I hope you are happy ,this is going to kill people.
All to pay for tax cuts for the rich ,and a boarder policy that is racist .
It’s also going to end up costing money - people are still, going to go to er and hospital -just without insurance .

Oh right trump didn’t support or read project 2025-that is such a joke /",555,238,"To the people who voted for trump and republicans When they pass this truly evil work requirements bill
Kicking at least 15 million people of Medicaid .

And preventing those do get kicked off from buying insurance off the marketplace ,and from states from waiving the work requirement.

I hope you are happy ,this is going to kill people.
All to pay for tax cuts for the rich ,and a boarder policy that is racist .
It’s also going to end up costing money - people are still, going to go to er and hospital -just without insurance .

Oh right trump didn’t support or read project 2025-that is such a joke /"
wrckcr,"I actually used my mobility aids in public recently, and I'm really proud of myself after dealing with denial and internalized ablism :))",,555,34,"I actually used my mobility aids in public recently, and I'm really proud of myself after dealing with denial and internalized ablism :)) "
1gks8ew,I'm afraid of losing my benefits.,Given the way the election is going. I'm afraid that my dad and myself are going to lose our disability benefits. I have Crohn's disease and my dad has congestive heart failure. How screwed am I?,551,456,I'm afraid of losing my benefits. Given the way the election is going. I'm afraid that my dad and myself are going to lose our disability benefits. I have Crohn's disease and my dad has congestive heart failure. How screwed am I?
1lcklvj,Made this to cheer myself up today ✌🏻,Sometimes my brain says that if I’m not in pain 24/7 that my disability’s are real or valid and I call bs I treat it like a bully and politely say screw off! Anyone else ever experience these types of thoughts?,553,27,Made this to cheer myself up today ✌🏻 Sometimes my brain says that if I’m not in pain 24/7 that my disability’s are real or valid and I call bs I treat it like a bully and politely say screw off! Anyone else ever experience these types of thoughts?
1imddp1,saw a post with this meme format and it made me think of this,it still surprises me each day how many people are unaware of this,547,11,saw a post with this meme format and it made me think of this it still surprises me each day how many people are unaware of this
1hx9b2j,Sometimes there are sweet benefits to being disabled. ,"Look, Paris can be a challenge for disabled visitors, but when they accommodate they do it balls out.

1. It’s January. It’s raining. It’s cold. Yesterday we jumped the line of at least a couple thousand people to get into the Louvre.

2. We, in this case, are my son and I. Because he’s my “caretaker,” he got to be in the gravity well of my disability. Everything that applied to me applied to me.

3. Entry into the museum was completely free.

4. You have a badass special elevator that lowers you into the pyramid entry.

5. You do not have to wait in line to enter any of the three museum wings.

6. Most stunning, you have a very private, very empty spot to view the Mona Lisa from a distance of about 2-3 feet. You are in the eye of the hurricane, separated from the mad throng. My son was shocked this space existed. No one is bothering you trying to usher you out. We viewed the painting for about 10 minutes. It was an actual work of art when it’s not a dot viewed from 100 feet away through a fence of cell phones.

So, total cost for 7 hours in the Louvre was 13 Euros because my son and I had cokes and split a sandwich.

The experience is as close to VIP treatment as I’d felt in years. The last time I felt this important was probably in acute rehab after my stroke (therapists are amazing people).

So if you visit Paris feel free to grumble about the lack of accessibility, but God to they try to make up for it.

",546,31,"Sometimes there are sweet benefits to being disabled.  Look, Paris can be a challenge for disabled visitors, but when they accommodate they do it balls out.

1. It’s January. It’s raining. It’s cold. Yesterday we jumped the line of at least a couple thousand people to get into the Louvre.

2. We, in this case, are my son and I. Because he’s my “caretaker,” he got to be in the gravity well of my disability. Everything that applied to me applied to me.

3. Entry into the museum was completely free.

4. You have a badass special elevator that lowers you into the pyramid entry.

5. You do not have to wait in line to enter any of the three museum wings.

6. Most stunning, you have a very private, very empty spot to view the Mona Lisa from a distance of about 2-3 feet. You are in the eye of the hurricane, separated from the mad throng. My son was shocked this space existed. No one is bothering you trying to usher you out. We viewed the painting for about 10 minutes. It was an actual work of art when it’s not a dot viewed from 100 feet away through a fence of cell phones.

So, total cost for 7 hours in the Louvre was 13 Euros because my son and I had cokes and split a sandwich.

The experience is as close to VIP treatment as I’d felt in years. The last time I felt this important was probably in acute rehab after my stroke (therapists are amazing people).

So if you visit Paris feel free to grumble about the lack of accessibility, but God to they try to make up for it.

"
1j48pfz,"If You're Disabled and Voted For Trump, Tell Us Why?","Assuming you had access to accessible voting polls. 


I'm incredibly curious. A lot of Trump's victory was rooted an Ableism and there is nothing rural working class Americans fear more than disability. Even his (full) slogan is rooted in Ableism ""Crippled America: How To Make America Great Again."" 


Has anyone on the right invested in accessibility? 


From what I've seen so far, disabled Americans, especially students, are being hurt the most by this presidency. 



What can you tell us about why you support his vision for America? 


Please everyone be respectful to those who share their thoughts here, I'm looking to learn as much as I can and so many people are so afraid to talk about it. ",555,408,"If You're Disabled and Voted For Trump, Tell Us Why? Assuming you had access to accessible voting polls. 


I'm incredibly curious. A lot of Trump's victory was rooted an Ableism and there is nothing rural working class Americans fear more than disability. Even his (full) slogan is rooted in Ableism ""Crippled America: How To Make America Great Again."" 


Has anyone on the right invested in accessibility? 


From what I've seen so far, disabled Americans, especially students, are being hurt the most by this presidency. 



What can you tell us about why you support his vision for America? 


Please everyone be respectful to those who share their thoughts here, I'm looking to learn as much as I can and so many people are so afraid to talk about it. "
1ib9rc5,"Telehealth set to end for Medicare and Medicaid April 1, 2025","If you’re in the U.S., you can use the link here to write to your Senators and Representatives and demand that Congress permanently fund telehealth access:

https://actionnetwork.org/letters/medicaremustextendtelehealth?utm_source=substack&utm_medium=email

Edit: forgot to mention that even if you’re not covered by Medicaid or Medicare, private insurance is likely to follow suit. One of my practices already said they’re stopping telehealth Apr 1.",546,118,"Telehealth set to end for Medicare and Medicaid April 1, 2025 If you’re in the U.S., you can use the link here to write to your Senators and Representatives and demand that Congress permanently fund telehealth access:

https://actionnetwork.org/letters/medicaremustextendtelehealth?utm_source=substack&utm_medium=email

Edit: forgot to mention that even if you’re not covered by Medicaid or Medicare, private insurance is likely to follow suit. One of my practices already said they’re stopping telehealth Apr 1."
x6hcrx,Rammstein and accessibility: fuck yeah,,544,5,Rammstein and accessibility: fuck yeah 
r7g6cu,"Hello r/disability! I am a knitter who is part of a facebook group called ""Knit for a Unique Fit"" that matches knitters with individuals with limb differences to have custom gloves made! Here is the pair I just made, I will share the resources in the comments for anyone interested!",,542,35,"Hello r/disability! I am a knitter who is part of a facebook group called ""Knit for a Unique Fit"" that matches knitters with individuals with limb differences to have custom gloves made! Here is the pair I just made, I will share the resources in the comments for anyone interested! "
1i4bozc,He didn't realize the leopards would eat his face too...,,540,58,He didn't realize the leopards would eat his face too... 
1iq3h7z,Wheelchair Accessible Garden Wins Best in Show 🌻,"The prestigious Best in Show award at the RHS
Chelsea Flower Show has been won by Horatio's Garden, a wheelchair-accessible garden designed by Harris Bugg Studio. The garden, which was designed with input and feedback from patients, is the first Main Avenue garden to focus on accessibility and putting people with accessible needs at the heart of the design. After the show, the garden will be relocated to the Princess Royal Spinal Injuries Centre in Sheffield.",541,6,"Wheelchair Accessible Garden Wins Best in Show 🌻 The prestigious Best in Show award at the RHS
Chelsea Flower Show has been won by Horatio's Garden, a wheelchair-accessible garden designed by Harris Bugg Studio. The garden, which was designed with input and feedback from patients, is the first Main Avenue garden to focus on accessibility and putting people with accessible needs at the heart of the design. After the show, the garden will be relocated to the Princess Royal Spinal Injuries Centre in Sheffield."
1ksl5pn,I’m heartbroken,"The budget bill has passed out of committee and, even as I type, they are arguing its merits on the House floor. A vote is expected before 4 am EST.

I’m heartbroken because I spent a year trying to educate people about Project 2025, registering voters, phone banking, sending postcards, calling reps and senators.

And it all amounted to nothing.

Now, so many of us stand to lose Medicaid and SNAP.

And there’s nothing that can be done.

My heart aches for all of us tonight and hangs heavy.",537,169,"I’m heartbroken The budget bill has passed out of committee and, even as I type, they are arguing its merits on the House floor. A vote is expected before 4 am EST.

I’m heartbroken because I spent a year trying to educate people about Project 2025, registering voters, phone banking, sending postcards, calling reps and senators.

And it all amounted to nothing.

Now, so many of us stand to lose Medicaid and SNAP.

And there’s nothing that can be done.

My heart aches for all of us tonight and hangs heavy."
1ifgwfo,"23F wheelchair user, Multiple Sclerosis, Autism,EDS, etc. got my new custom wheelchair recently after 2 year process with insurance 💕👾☺️ This ones alot less painful on my shoulders and arms I love it so much 😍 Also second picture isme and my lizard baby who like to ride with me 🥰",,537,36,"23F wheelchair user, Multiple Sclerosis, Autism,EDS, etc. got my new custom wheelchair recently after 2 year process with insurance 💕👾☺️ This ones alot less painful on my shoulders and arms I love it so much 😍 Also second picture isme and my lizard baby who like to ride with me 🥰 "
oipgec,Just a few of my disabilities! Living with neurofibromatosis type 2,,532,35,Just a few of my disabilities! Living with neurofibromatosis type 2 
hxahck,Just wanted to share this massive personal achievement of mine from yesterday. Stood up (with a lot of assistance from the Sara Steady) for the first time since I got my SCI in June 2019.,,539,32,Just wanted to share this massive personal achievement of mine from yesterday. Stood up (with a lot of assistance from the Sara Steady) for the first time since I got my SCI in June 2019. 
1j1q6aq,Ableism in this community,"I feel like this kind of stuff shouldn’t be allowed in this community. This is a comment on a post from THIS subreddit. The person said in their post something along the lines of complaining about people who “barely qualify for a diagnosis”. Who is ANYONE but the disabled person and doctor to say whether they qualify for a diagnosis? That is absolutely ableist and inappropriate behavior, and it comes from within our community far too often. We need to be better than this. ",536,187,"Ableism in this community I feel like this kind of stuff shouldn’t be allowed in this community. This is a comment on a post from THIS subreddit. The person said in their post something along the lines of complaining about people who “barely qualify for a diagnosis”. Who is ANYONE but the disabled person and doctor to say whether they qualify for a diagnosis? That is absolutely ableist and inappropriate behavior, and it comes from within our community far too often. We need to be better than this. "
1euo8ry,To the girl who SNIFFED me today:,"I hate you. We’re the same age but I feel years ahead of you. You decided to make me feel small in front of your friends because you wanted to impress the boy you were with. Your badly highlighted blonde hair and wonky teeth are burned into my mind. I walk with a cane, it’s painful to walk , and it takes a hell of a lot of effort. So yeah , in the middle of a hot day I’m gonna look sweaty. I heard you giggling about my armpit hair , calling me weird. I can’t lift my arms above my head to shave them. One day you’ll grow up , and your body will ache like mine already does, and I hope the world is kinder to you than you were to me. 

Today was the first time I visited a store in months. I’ve been stuck in bed , or a chair , or fixing my wet room plumbing , and haven’t done anything for myself in all that time , and you were disgusting. It isn’t fair that girls like you get two working legs and you use them to go places and bully those without that blessing. ",530,39,"To the girl who SNIFFED me today: I hate you. We’re the same age but I feel years ahead of you. You decided to make me feel small in front of your friends because you wanted to impress the boy you were with. Your badly highlighted blonde hair and wonky teeth are burned into my mind. I walk with a cane, it’s painful to walk , and it takes a hell of a lot of effort. So yeah , in the middle of a hot day I’m gonna look sweaty. I heard you giggling about my armpit hair , calling me weird. I can’t lift my arms above my head to shave them. One day you’ll grow up , and your body will ache like mine already does, and I hope the world is kinder to you than you were to me. 

Today was the first time I visited a store in months. I’ve been stuck in bed , or a chair , or fixing my wet room plumbing , and haven’t done anything for myself in all that time , and you were disgusting. It isn’t fair that girls like you get two working legs and you use them to go places and bully those without that blessing. "
z2v7ju,(OC art) I made this sticker for my chronic pain gang.,,525,35,(OC art) I made this sticker for my chronic pain gang. 
1nz4i70,I completed my regular check up myself for the first time today!!,"I've always browsed here, but I made an account today to share that I completed my check up myself for the first time today!!

I'm always with either mom or dad, and it wasn't planned today, but mom had an emergency happen at her work, so she had to go in while we were waiting. And she asked me if I wanted to go back with her and reschedule or if I thought I could go in myself. And, I don't know why, but I said I could at the moment, and I'm glad I did!!

I know it's not really a big deal for everyone and it's a small thing, but I feel really proud and good!! I always feel worried about my independence and all in the future and when I grow up, and it felt really good to go through it today myself!!

I just wanted to share because I'm excited! I hope you have a great day and complete the weekend well! Thanks for reading all this!",531,32,"I completed my regular check up myself for the first time today!! I've always browsed here, but I made an account today to share that I completed my check up myself for the first time today!!

I'm always with either mom or dad, and it wasn't planned today, but mom had an emergency happen at her work, so she had to go in while we were waiting. And she asked me if I wanted to go back with her and reschedule or if I thought I could go in myself. And, I don't know why, but I said I could at the moment, and I'm glad I did!!

I know it's not really a big deal for everyone and it's a small thing, but I feel really proud and good!! I always feel worried about my independence and all in the future and when I grow up, and it felt really good to go through it today myself!!

I just wanted to share because I'm excited! I hope you have a great day and complete the weekend well! Thanks for reading all this!"
10w7qoz,I decided to draw a comic about how much I improved my confidence around using my cane. I’m really proud of myself for how far I’ve come and I thought someone else might like it too :),,525,58,I decided to draw a comic about how much I improved my confidence around using my cane. I’m really proud of myself for how far I’ve come and I thought someone else might like it too :) 
1mzdipa,Why is advocating for accessibility at public events seen as a nuisance?,"In another subreddit discussing a scavenger hunt for NYC mayoral candidate Zohran Mamdani. I love the idea of a scavenger hunt. I think about all of the disabled voters or folks with medical conditions who can’t participate traditionally in a scavenger hunt or stand in line for hours, but would love to engage in events like this. The response I received for my comment is surprising and quite disappointing. Why is advocating for accessible/ADA-friendly events so triggering for able-bodied people?",529,210,"Why is advocating for accessibility at public events seen as a nuisance? In another subreddit discussing a scavenger hunt for NYC mayoral candidate Zohran Mamdani. I love the idea of a scavenger hunt. I think about all of the disabled voters or folks with medical conditions who can’t participate traditionally in a scavenger hunt or stand in line for hours, but would love to engage in events like this. The response I received for my comment is surprising and quite disappointing. Why is advocating for accessible/ADA-friendly events so triggering for able-bodied people?"
1iyw3z0,Elon Musk on The Disabled,"Fact Check: Yes, Musk reposted meme calling Americans who use federal programs the 'Parasite Class'
By Taija PerryCook, 4 days ago
Snopes
Snopes

Follow
 billionaire Elon Musk circled the internet. People claimed he reposted a meme of actor Sydney Sweeney with the caption: "" Watching Trump slash federal programs knowing it doesn't affect you because you're not a member of the Parasite Class. ""

Musk appeared to write above the meme image: Why 90% of America loves @DOGE "" — meaning the recently established U.S. Department of Government Efficiency — which Musk apparently heads.


The claim spread across multiple platforms, including Instagram , X , Facebook and Bluesky . Media outlets such as The Daily Beast , The Atlantic Black Star and Times Now News also published stories about the post. An episode on the podcast ""On With Kara Swisher"" discussed the post, as well, calling Musk himself a parasite; Swisher claimed that by 2015, Tesla had received almost $5 billion in government support.

The X post is real; Musk did repost the meme ( archived ) with his own pro-DOGE caption and a laughing emoji on Feb. 12, 2025, at 10:35 p.m. (ET).


The X account @Liberty_Memes created the original meme ( archived ) with a watermark, but the version Musk reposted did not include the Liberty Memes watermark and instead featured the DOGE logo.

In sum, because Musk did repost a meme that called those who benefit from federal programs the ""Parasite Class,"" we rate this claim as true.

Sources:
Musk, Elon. 'Elon Musk X Profile'. X.Com , https://x.com/elonmusk.
Facebook
Message
Email
Messenger
Copy Link
Snopes
208.6k Followers
Snopes
When misinformation obscures the truth and readers don’t know what to trust, Snopes’ fact-checking and original, investigative report...
Follow",525,109,"Elon Musk on The Disabled Fact Check: Yes, Musk reposted meme calling Americans who use federal programs the 'Parasite Class'
By Taija PerryCook, 4 days ago
Snopes
Snopes

Follow
 billionaire Elon Musk circled the internet. People claimed he reposted a meme of actor Sydney Sweeney with the caption: "" Watching Trump slash federal programs knowing it doesn't affect you because you're not a member of the Parasite Class. ""

Musk appeared to write above the meme image: Why 90% of America loves @DOGE "" — meaning the recently established U.S. Department of Government Efficiency — which Musk apparently heads.


The claim spread across multiple platforms, including Instagram , X , Facebook and Bluesky . Media outlets such as The Daily Beast , The Atlantic Black Star and Times Now News also published stories about the post. An episode on the podcast ""On With Kara Swisher"" discussed the post, as well, calling Musk himself a parasite; Swisher claimed that by 2015, Tesla had received almost $5 billion in government support.

The X post is real; Musk did repost the meme ( archived ) with his own pro-DOGE caption and a laughing emoji on Feb. 12, 2025, at 10:35 p.m. (ET).


The X account @Liberty_Memes created the original meme ( archived ) with a watermark, but the version Musk reposted did not include the Liberty Memes watermark and instead featured the DOGE logo.

In sum, because Musk did repost a meme that called those who benefit from federal programs the ""Parasite Class,"" we rate this claim as true.

Sources:
Musk, Elon. 'Elon Musk X Profile'. X.Com , https://x.com/elonmusk.
Facebook
Message
Email
Messenger
Copy Link
Snopes
208.6k Followers
Snopes
When misinformation obscures the truth and readers don’t know what to trust, Snopes’ fact-checking and original, investigative report...
Follow"
1iqsn3n,I decorated my cane!,,529,27,I decorated my cane! 
1i6be4j,I hate that I can't flee because of my disability,"Before anyone suggests jobs that ""I can do"", I can't. Every single suggestion you're going to have isn't going to work. I've heard it all before. I know my disability and I not making excuses.

On to the rant:

Everyone knows what happened today. I'm fucking scared. I'm trans, detransition will most likely kill me because transitioning literally saved my life. I went from trying to off myself every month to actually being happy. I can't go back to how it was. I can't go back to looking in the mirror and seeing someone who's not me. 

I know people who already left the country because they have means and aren't disabled. I don't get that option because like 90% of countries have a no disabled policy or you have to have means or someone to support you and I have fucking nothing like that. 

I'm fucking stuck because of my disability and I have never hated it more in my life. 

And you know the worst part? I was finally getting to a good place in my life. I finally started to get a handle on everything, started dealing emotionally with my disability and the fact that it's okay to be a cripple. And now I have to wait every day in fear of waking up. That whether I'm going to find out that my disability benefits have been stripped because that's a possibility according to Project 2025 or that I'll not be able to get my HRT anymore and be forced to detransition.",531,104,"I hate that I can't flee because of my disability Before anyone suggests jobs that ""I can do"", I can't. Every single suggestion you're going to have isn't going to work. I've heard it all before. I know my disability and I not making excuses.

On to the rant:

Everyone knows what happened today. I'm fucking scared. I'm trans, detransition will most likely kill me because transitioning literally saved my life. I went from trying to off myself every month to actually being happy. I can't go back to how it was. I can't go back to looking in the mirror and seeing someone who's not me. 

I know people who already left the country because they have means and aren't disabled. I don't get that option because like 90% of countries have a no disabled policy or you have to have means or someone to support you and I have fucking nothing like that. 

I'm fucking stuck because of my disability and I have never hated it more in my life. 

And you know the worst part? I was finally getting to a good place in my life. I finally started to get a handle on everything, started dealing emotionally with my disability and the fact that it's okay to be a cripple. And now I have to wait every day in fear of waking up. That whether I'm going to find out that my disability benefits have been stripped because that's a possibility according to Project 2025 or that I'll not be able to get my HRT anymore and be forced to detransition."
1f639tb,I get to leave the house on Friday. It's nice to have a reason to change out of sweats. Even if it is therapy 🫠,,532,54,I get to leave the house on Friday. It's nice to have a reason to change out of sweats. Even if it is therapy 🫠 
168s0w9,Disability,,528,11,Disability 
1mu1kjx,Local library has a rollator for people to use :),,525,10,Local library has a rollator for people to use :) 
1glbb2r,I'm tired of being told I'm overreacting (tw suicide),"If you're going to defend Trump in any way, shape, or form, you can fuck off.

The ONLY THING keeping me from killing myself is because I know that's what conservatives want. Disabled people should just die, in Trump's own words. 

I've applied for SSI shortly before Trump won. For the first time in YEARS I thought maybe, just MAYBE things would be okay. And then Trump won. I'm disabled, trans, and don't even have the money to move out of this hellhole state filled with hateful morons who never picked up a book. 

If my chances at getting accepted for SSI become even slimmer, I can't do it anymore. I can hardly hold on now.

I bawled when I watched the news this morning. Even more so when I was told I'm overreacting and ""its not the end of the world"". I hope everyone who said this gets a president who wants to take their rights away, so I can tell them the same thing they told me.

If anyone has any reassuring words that aren't downplaying the situation, please help. I just need a reason to hang on.",523,110,"I'm tired of being told I'm overreacting (tw suicide) If you're going to defend Trump in any way, shape, or form, you can fuck off.

The ONLY THING keeping me from killing myself is because I know that's what conservatives want. Disabled people should just die, in Trump's own words. 

I've applied for SSI shortly before Trump won. For the first time in YEARS I thought maybe, just MAYBE things would be okay. And then Trump won. I'm disabled, trans, and don't even have the money to move out of this hellhole state filled with hateful morons who never picked up a book. 

If my chances at getting accepted for SSI become even slimmer, I can't do it anymore. I can hardly hold on now.

I bawled when I watched the news this morning. Even more so when I was told I'm overreacting and ""its not the end of the world"". I hope everyone who said this gets a president who wants to take their rights away, so I can tell them the same thing they told me.

If anyone has any reassuring words that aren't downplaying the situation, please help. I just need a reason to hang on."
149u711,We did it!!,"I finally graduated!! My service dog of 7 years (he's 10 now) has been with me the whole way. And I'm so happy. He's retiring this month and I couldn't be more grateful for his hard work and dedication. 

Couldn't have done it without him.",519,32,"We did it!! I finally graduated!! My service dog of 7 years (he's 10 now) has been with me the whole way. And I'm so happy. He's retiring this month and I couldn't be more grateful for his hard work and dedication. 

Couldn't have done it without him."
1lq66dq,"Patty Berne, one of the founders of the Disability Justice movement, has passed","Patty's impact on the Disability Community is immeasurable, learn more at www.sinsinvalid.org ",526,6,"Patty Berne, one of the founders of the Disability Justice movement, has passed Patty's impact on the Disability Community is immeasurable, learn more at www.sinsinvalid.org "
xxk6gz,We're Not Always Happy. We Are Human.,,523,8,We're Not Always Happy. We Are Human. 
ki0omy,First time I see such picnic table. Simple and cool.,,526,11,First time I see such picnic table. Simple and cool. 
1m85t5a,You shouldn’t do (insert normal thing here) because of your disability!,"I am a two time stroke survivor, both happened while I was in the NICU. They resulted in cerebral palsy. The other day I was talking to a friend while drinking a Diet Coke, all of a sudden my friend tells me I “shouldn’t drink Diet Coke because it’s bad for your health” I almost started laughing because of how ridiculous it was. I tell my friend “statistically I’m supposed to be dead, I’ll drink my Diet Coke if I want.” My friend goes on to tell me “yeah you survived all that, and now you’re poisoning your body.” Like if a Diet Coke takes me out, at least I will have died happy. I’m so tired of being treated like a baby, and being told I shouldn’t do basic things like throw a football or drink a Diet Coke.  I am twenty goddamn years old, not five. I was never supposed to walk, talk, feed myself, let alone drive, or go to college. Be grateful I can drink that Diet Coke instead of needing a feeding tube. Be grateful that I can throw a football, instead of needing a wheelchair 24/7. Be grateful I can drive to class, let alone even go to college. ",515,117,"You shouldn’t do (insert normal thing here) because of your disability! I am a two time stroke survivor, both happened while I was in the NICU. They resulted in cerebral palsy. The other day I was talking to a friend while drinking a Diet Coke, all of a sudden my friend tells me I “shouldn’t drink Diet Coke because it’s bad for your health” I almost started laughing because of how ridiculous it was. I tell my friend “statistically I’m supposed to be dead, I’ll drink my Diet Coke if I want.” My friend goes on to tell me “yeah you survived all that, and now you’re poisoning your body.” Like if a Diet Coke takes me out, at least I will have died happy. I’m so tired of being treated like a baby, and being told I shouldn’t do basic things like throw a football or drink a Diet Coke.  I am twenty goddamn years old, not five. I was never supposed to walk, talk, feed myself, let alone drive, or go to college. Be grateful I can drink that Diet Coke instead of needing a feeding tube. Be grateful that I can throw a football, instead of needing a wheelchair 24/7. Be grateful I can drive to class, let alone even go to college. "
1luvz36,"Saw this today, and it felt really relevant.","I’ve been having a hard time lately with loved ones really not understanding my struggles. They want me not have MS, they want me to be how I used to be before progression has made the day to day difficult. I know they are also mourning for me and themselves about the way they thought things ""should be"" but at the same time it makes my struggles feel so unseen. It feels like all they want it for me to just keep pushing myself to be ""normal."" It’s so hard. How can they not notice the crumbling foundation I’m trying to balance on? ",517,11,"Saw this today, and it felt really relevant. I’ve been having a hard time lately with loved ones really not understanding my struggles. They want me not have MS, they want me to be how I used to be before progression has made the day to day difficult. I know they are also mourning for me and themselves about the way they thought things ""should be"" but at the same time it makes my struggles feel so unseen. It feels like all they want it for me to just keep pushing myself to be ""normal."" It’s so hard. How can they not notice the crumbling foundation I’m trying to balance on? "
1jch15i,"Since becoming disabled, I’ve realized humans suck. I can’t speak to anyone without feeling deep resentment.","Chronic pain, pretty much housebound unless take meds. Even when go out, I cannot use a wheelchair (I can’t sit upright). My wife must carry a gravity chair with me everywhere.

My brother (who claimed to be my best friend and was my best man) no longer comes by the house, or when he does it’s very short and infrequent. People look at me like I have 3 heads. People kind of ignore me when speaking to them. My friends have moved on. The exception is my wife - she is ride or die, the greatest person I’ve ever met. Thank God I have her, but that’s not stopping me from being extremely depressed.

I fucking hate people - hate them. They all just look for value to suck out of each other and if you can’t provide any, they don’t give you the time of day. I was recently at a party (in my chair) and when I tried speaking, peoples eye’s glazed over and I could see them looking away frequently (as if they wanted the conversation to end).

I hate people and everyone’s just jacking each other off to get a nut. I’ve tried smiling and not take things personally, but it’s quite impossible when you see able-bodied’s being listened to and me not.",513,98,"Since becoming disabled, I’ve realized humans suck. I can’t speak to anyone without feeling deep resentment. Chronic pain, pretty much housebound unless take meds. Even when go out, I cannot use a wheelchair (I can’t sit upright). My wife must carry a gravity chair with me everywhere.

My brother (who claimed to be my best friend and was my best man) no longer comes by the house, or when he does it’s very short and infrequent. People look at me like I have 3 heads. People kind of ignore me when speaking to them. My friends have moved on. The exception is my wife - she is ride or die, the greatest person I’ve ever met. Thank God I have her, but that’s not stopping me from being extremely depressed.

I fucking hate people - hate them. They all just look for value to suck out of each other and if you can’t provide any, they don’t give you the time of day. I was recently at a party (in my chair) and when I tried speaking, peoples eye’s glazed over and I could see them looking away frequently (as if they wanted the conversation to end).

I hate people and everyone’s just jacking each other off to get a nut. I’ve tried smiling and not take things personally, but it’s quite impossible when you see able-bodied’s being listened to and me not."
1dtlog2,This is why we have things like Pride,"I’m proud of my Disability because it’s a part of me like being Queer and black and being from Boston. It’s me it’s my life idgaf if if makes life “harder” it’s my life and I wouldn’t want it any other way 

People like this are the reason why I have and celebrate two pride months back to back in spite of them. People like this are weak no  matter what we will always be stronger than them they have nothing they’er worthless and weak minded. ",516,175,"This is why we have things like Pride I’m proud of my Disability because it’s a part of me like being Queer and black and being from Boston. It’s me it’s my life idgaf if if makes life “harder” it’s my life and I wouldn’t want it any other way 

People like this are the reason why I have and celebrate two pride months back to back in spite of them. People like this are weak no  matter what we will always be stronger than them they have nothing they’er worthless and weak minded. "
1ltgoyv,"Can we just call this what it is, please?","This is the government of the United States taking proactive steps to kill disabled people off. Period.  

This is intentional.",512,81,"Can we just call this what it is, please? This is the government of the United States taking proactive steps to kill disabled people off. Period.  

This is intentional."
13vlxyq,My schoolwork,,506,24,My schoolwork 
1165c92,My neurological disorder made my hands shake uncontrollably but I had painting class. So I decided to make the best of it!! Galadriel my kitty!!,,509,27,My neurological disorder made my hands shake uncontrollably but I had painting class. So I decided to make the best of it!! Galadriel my kitty!! 
1al5khv,"The social model of disability, in one picture","A door marked with the male/female/disabled toilets sign, only reachable up a step. On the wall beside the step is a notice asking whether you're a Motability customer, a service specifically for disabled people.",512,54,"The social model of disability, in one picture A door marked with the male/female/disabled toilets sign, only reachable up a step. On the wall beside the step is a notice asking whether you're a Motability customer, a service specifically for disabled people."
1e7x82f,Guy says anyone with a full life “isn’t disabled”,Guy who said/argued no one with a disability should be allowed to be born (see my post history) now claims my disabled niece “isn’t disabled” because she has a masters and is getting married. ,507,184,Guy says anyone with a full life “isn’t disabled” Guy who said/argued no one with a disability should be allowed to be born (see my post history) now claims my disabled niece “isn’t disabled” because she has a masters and is getting married. 
1ik7xhn,Ableist HOA,My disability has flares and remission. #aholes,507,167,Ableist HOA My disability has flares and remission. #aholes
kt6v83,"I dislike the fact that there is little art that showcases a disabled person with their needed medical equipment. When it is included, it’s usually the focus. So I made my daughter (SMA Type 1) into a pin and included her trach and vent!",,501,25,"I dislike the fact that there is little art that showcases a disabled person with their needed medical equipment. When it is included, it’s usually the focus. So I made my daughter (SMA Type 1) into a pin and included her trach and vent! "
1fnw2jc,Why do able bodied people feel the need to intrude on disabled spaces? Woman with broken finger posts in amputee subreddit looking for 'support' dealing with this 'new reality'.... ,"I cannot imagine what possessed her to think it was an appropriate space to complain about how terrible her life is now she 'can't move her finger like she used to'. Unfortunately this was a real post and was definitely not a shit post. To see her over exaggerate 'I think I've lost all grip strength in my hand now' was both hilarious and infuriating. 

My favourite comment I saw on her post was 'go fuck yourself with that finger you still have'. 

Anyway, had to post this here since this lady deserves to be shamed. ",502,197,"Why do able bodied people feel the need to intrude on disabled spaces? Woman with broken finger posts in amputee subreddit looking for 'support' dealing with this 'new reality'....  I cannot imagine what possessed her to think it was an appropriate space to complain about how terrible her life is now she 'can't move her finger like she used to'. Unfortunately this was a real post and was definitely not a shit post. To see her over exaggerate 'I think I've lost all grip strength in my hand now' was both hilarious and infuriating. 

My favourite comment I saw on her post was 'go fuck yourself with that finger you still have'. 

Anyway, had to post this here since this lady deserves to be shamed. "
xjgsoy,Look how straight my leg is now!,,492,30,Look how straight my leg is now! 
18x97dz,Why in the world is this a thing people believe,,498,58,Why in the world is this a thing people believe 
rqo4lv,Marriage inequality,,496,36,Marriage inequality 
1nh9n7h,Kids Books on Disability,"I’m a disabled preschool teacher who is passionate about de-stigmatizing and celebrating disability for all ages. SO, I have compiled a categorized list of my favorite picture books on the subject, including short descriptions.

I have read most of these all the way through at least once, so I can vouch for the quality of them with a few exceptions. So if you have questions on any of the specific titles, I would be happy to share my thoughts on them.

Most of these can also be found on YouTube as a read aloud if you want to hear the story before purchasing or finding them from your local library. I hope people find this helpful!

Autism, Neurodiversity, & Sensory Processing
- “Flap Your Hands: A Celebration of Stimming” (stylized illustrations of what overstimulation feels like)
- “Next Level: A Hymn in Gratitude for Neurodiversity” (loving depiction of an autistic child, celebrating how he sees the world. Depicts a lot of sensory toys and access tools throughout the pictures) 
- “My Autistic Mama” (one child describes what makes having an autistic Mama great)
- “This beach is loud!” (an overstimulating day learning what happens at the beach, author has some other similar books)
- “Too much! And Overwhelming Day” (not specific to kids with processing disorders, just describes overwhelm for any child)
- “Friends Are Not For Biting” (explaining lack of impulse control and overstimulation in a compassionate way that doesn’t shame the child, written by a therapist, parent resources in the back)
- “My Brain is a Racecar” (how ADHD brains work. Not the best illustrations, but a good explanation still)
- “All the Ways to be Smart” (celebrates the many skills we may have and how they’re all important, good for all kids)
- “Don’t Hug Doug” (consent and boundary setting, not specific to disabled kids)
- “Hattie Hates Hugs” (consent and boundary setting, not specific to disabled kids)
Speech differences 
- “I Talk Like a River” (a frustrated child explains his stutter and how his dad helps him cope)
- “A Day With No Words” (a nonverbal child enjoys a day with his mom using his AAC device to communicate. There’s a part I don’t love where he’s teased and called ‘handicapped’, although his mom sticks up for him. I think it’s still a could’ve been handled better, but there’s a good read-aloud on YouTube if you want to see for yourself.)
- “More Than Words” (celebrating many different types of communication from the perspective of a nonverbal child)

Mental Health:
- “Maybe Tomorrow?” (two animal friends spend time together, allowing Elba to open up at her own pace about her grief and process her feelings. Great book about any kind of grief or friendship.)
- “My Happy Sad Mummy” (having a mom with bipolar, written by a bipolar woman about her daughter’s experience)

Visual Impairment:
- “The Black Book of Colors” (all black book with braille text, raised English text, and textured illustrations you can feel.)
- “My City Speaks” (how a blind girl navigates her city through sound)
Service dogs:
- “Rescue & Jessica” (true story of a woman and her service dog)
- “When Dogs Work” (list of the many job dogs can have with real photos)

d/Deaf Culture & sign language:
- “Listen: How Evelyn Glennie, A Deaf Girl, Changed Percussion” (true story of hearing loss, self-advocacy, and music history with gorgeous illustrations)
- “Mara Hears in Style” (Mara tries her first brightly-colored hearing aids, navigating questions from her classmates and educating them about ASL while she finds her confidence)
- “Can Bears Ski?” (A young bear experiences confusion from hearing loss and finally gets diagnosed)
- “Dancing Hands: A Story of Friendship in Filipino Sign Language” (a story of how two friends communicate in their language)

Mobility and limb difference:
- “What Happened to You?” (Answering unwanted questions and assumptions about limb differences with a sense of humor. Author was born with a limb difference and references his own childhood experiences)
- “Mama Zooms” (loving story about the joys of a mom in a wheelchair from the perspective of her child. Oldie but a goodie!)
- “Best Friend on Wheels” (a girl tells us all about her wonderful friend who happens to also use a wheelchair)
- “Dancing with Daddy” (a girl with cerebral palsy goes to a dance with her dad, using her feeding tube, power chair, and other access tools to enjoy the night like everyone else)
- “I Will Dance” (girl with cerebral palsy feels left out of dancing, until she discovers a dance class for disabled students. Starts on a pretty solemn note, but has a happy and realistic ending)
- “Awesomely Emma: A Charlie and Emma Story” (how a fictional child enjoys life with her limb differences. It is a sequel to a book about her friend Charlie getting to know her, but this one is more centered on Emma’s experience so I prefer it to the original)

Advocacy, Accessibility, Activism:
- “All the Way to the Top: How One Girl’s Fight for American’s with Disabilities Changed Everything” (the Capitol Crawl protest that passed the ADA with the help of 10yo Jenifer Keelan)
- “We Move Together” (explores the many ways we can include everyone and fight for a better world, plus lots of illustrated cameos of real disabled activists that are named in the back!)
- “Fighting for YES!: The Story of Disability Rights Activist Judy Heumann” (a LONG book for this age group—as much as I love Judy Heumann and her work, I wish they’d edited the book down a lot more. But it is thorough and accurate.)

Covering many disabilities:
- “Come Over to My House” (viewing different homes, and how they’re suited to the needs of the families that live there who have people with different disabilities. Great intro for able-bodied kids.)
- “This is How We Play: A Celebration of Disability and Adaptation” (showing diverse families and how they play together. Very detailed and respectful illustrations of facial differences, dwarfism, and other features that aren’t often represented.)
- “Just ask!: Be Different, Be Brave, Be You” (many kids introduce themselves and explain their own disability, and how they want to be supported and included. Good framing for how kids can respect disabled peers.)
- “The ABC’s of Inclusion” (alphabet of different ways we can include everyone)

Honorable Mentions:
- “Shiny Misfits” (funny middle grade graphic novel about the social misadventures of a competitive girl with cerebral palsy, good friends, and big ideas. Written by comedian with CP, Maysoon Zayid)
- “Horizontal Parenting: How to Entertain Your Kid While Laying Down” (list of fun activities with cute illustrations that parents and kids can use together)
",495,36,"Kids Books on Disability I’m a disabled preschool teacher who is passionate about de-stigmatizing and celebrating disability for all ages. SO, I have compiled a categorized list of my favorite picture books on the subject, including short descriptions.

I have read most of these all the way through at least once, so I can vouch for the quality of them with a few exceptions. So if you have questions on any of the specific titles, I would be happy to share my thoughts on them.

Most of these can also be found on YouTube as a read aloud if you want to hear the story before purchasing or finding them from your local library. I hope people find this helpful!

Autism, Neurodiversity, & Sensory Processing
- “Flap Your Hands: A Celebration of Stimming” (stylized illustrations of what overstimulation feels like)
- “Next Level: A Hymn in Gratitude for Neurodiversity” (loving depiction of an autistic child, celebrating how he sees the world. Depicts a lot of sensory toys and access tools throughout the pictures) 
- “My Autistic Mama” (one child describes what makes having an autistic Mama great)
- “This beach is loud!” (an overstimulating day learning what happens at the beach, author has some other similar books)
- “Too much! And Overwhelming Day” (not specific to kids with processing disorders, just describes overwhelm for any child)
- “Friends Are Not For Biting” (explaining lack of impulse control and overstimulation in a compassionate way that doesn’t shame the child, written by a therapist, parent resources in the back)
- “My Brain is a Racecar” (how ADHD brains work. Not the best illustrations, but a good explanation still)
- “All the Ways to be Smart” (celebrates the many skills we may have and how they’re all important, good for all kids)
- “Don’t Hug Doug” (consent and boundary setting, not specific to disabled kids)
- “Hattie Hates Hugs” (consent and boundary setting, not specific to disabled kids)
Speech differences 
- “I Talk Like a River” (a frustrated child explains his stutter and how his dad helps him cope)
- “A Day With No Words” (a nonverbal child enjoys a day with his mom using his AAC device to communicate. There’s a part I don’t love where he’s teased and called ‘handicapped’, although his mom sticks up for him. I think it’s still a could’ve been handled better, but there’s a good read-aloud on YouTube if you want to see for yourself.)
- “More Than Words” (celebrating many different types of communication from the perspective of a nonverbal child)

Mental Health:
- “Maybe Tomorrow?” (two animal friends spend time together, allowing Elba to open up at her own pace about her grief and process her feelings. Great book about any kind of grief or friendship.)
- “My Happy Sad Mummy” (having a mom with bipolar, written by a bipolar woman about her daughter’s experience)

Visual Impairment:
- “The Black Book of Colors” (all black book with braille text, raised English text, and textured illustrations you can feel.)
- “My City Speaks” (how a blind girl navigates her city through sound)
Service dogs:
- “Rescue & Jessica” (true story of a woman and her service dog)
- “When Dogs Work” (list of the many job dogs can have with real photos)

d/Deaf Culture & sign language:
- “Listen: How Evelyn Glennie, A Deaf Girl, Changed Percussion” (true story of hearing loss, self-advocacy, and music history with gorgeous illustrations)
- “Mara Hears in Style” (Mara tries her first brightly-colored hearing aids, navigating questions from her classmates and educating them about ASL while she finds her confidence)
- “Can Bears Ski?” (A young bear experiences confusion from hearing loss and finally gets diagnosed)
- “Dancing Hands: A Story of Friendship in Filipino Sign Language” (a story of how two friends communicate in their language)

Mobility and limb difference:
- “What Happened to You?” (Answering unwanted questions and assumptions about limb differences with a sense of humor. Author was born with a limb difference and references his own childhood experiences)
- “Mama Zooms” (loving story about the joys of a mom in a wheelchair from the perspective of her child. Oldie but a goodie!)
- “Best Friend on Wheels” (a girl tells us all about her wonderful friend who happens to also use a wheelchair)
- “Dancing with Daddy” (a girl with cerebral palsy goes to a dance with her dad, using her feeding tube, power chair, and other access tools to enjoy the night like everyone else)
- “I Will Dance” (girl with cerebral palsy feels left out of dancing, until she discovers a dance class for disabled students. Starts on a pretty solemn note, but has a happy and realistic ending)
- “Awesomely Emma: A Charlie and Emma Story” (how a fictional child enjoys life with her limb differences. It is a sequel to a book about her friend Charlie getting to know her, but this one is more centered on Emma’s experience so I prefer it to the original)

Advocacy, Accessibility, Activism:
- “All the Way to the Top: How One Girl’s Fight for American’s with Disabilities Changed Everything” (the Capitol Crawl protest that passed the ADA with the help of 10yo Jenifer Keelan)
- “We Move Together” (explores the many ways we can include everyone and fight for a better world, plus lots of illustrated cameos of real disabled activists that are named in the back!)
- “Fighting for YES!: The Story of Disability Rights Activist Judy Heumann” (a LONG book for this age group—as much as I love Judy Heumann and her work, I wish they’d edited the book down a lot more. But it is thorough and accurate.)

Covering many disabilities:
- “Come Over to My House” (viewing different homes, and how they’re suited to the needs of the families that live there who have people with different disabilities. Great intro for able-bodied kids.)
- “This is How We Play: A Celebration of Disability and Adaptation” (showing diverse families and how they play together. Very detailed and respectful illustrations of facial differences, dwarfism, and other features that aren’t often represented.)
- “Just ask!: Be Different, Be Brave, Be You” (many kids introduce themselves and explain their own disability, and how they want to be supported and included. Good framing for how kids can respect disabled peers.)
- “The ABC’s of Inclusion” (alphabet of different ways we can include everyone)

Honorable Mentions:
- “Shiny Misfits” (funny middle grade graphic novel about the social misadventures of a competitive girl with cerebral palsy, good friends, and big ideas. Written by comedian with CP, Maysoon Zayid)
- “Horizontal Parenting: How to Entertain Your Kid While Laying Down” (list of fun activities with cute illustrations that parents and kids can use together)
"
1inf6de,Trump State Department called for mass sterilization of ‘low-IQ trash’: This was Hitler's prologue to Eugenics,,493,114,Trump State Department called for mass sterilization of ‘low-IQ trash’: This was Hitler's prologue to Eugenics 
1hcczlv,i'm never going to a doctor without a cisgender man present again,"don't wanna go into details because jesus CHRIST that was traumatizing, but i've just come back from a doctor's visit wherein the dude completely dismissed ALL of my physical symptoms despite there being plenty of test results showing organic disease, said that EVERY doctor before him who ran those tests was wrong, and diagnosed my unintentional weight loss as anorexia nervosa. i told him ""i'm just gonna leave"" and he kept me there to rant about my supposed anorexia with the false sympathetic ""i know it's not what you want to hear :("" for at least another 20 minutes. this was the first time i've visited a doctor without my boyfriend or a male friend present in quite a while and i don't see that as a coincidence. it was insane, if not evil. anyway i just needed to rant, sorry :/",497,121,"i'm never going to a doctor without a cisgender man present again don't wanna go into details because jesus CHRIST that was traumatizing, but i've just come back from a doctor's visit wherein the dude completely dismissed ALL of my physical symptoms despite there being plenty of test results showing organic disease, said that EVERY doctor before him who ran those tests was wrong, and diagnosed my unintentional weight loss as anorexia nervosa. i told him ""i'm just gonna leave"" and he kept me there to rant about my supposed anorexia with the false sympathetic ""i know it's not what you want to hear :("" for at least another 20 minutes. this was the first time i've visited a doctor without my boyfriend or a male friend present in quite a while and i don't see that as a coincidence. it was insane, if not evil. anyway i just needed to rant, sorry :/"
1fugh1s,My accessible desk has been removed from classroom,"I'm in my last semester at university, and I use a power chair. Because the height of the chair, which is taller than manual wheelchairs, the standard accessible desks don't work for me because I can't get my legs under them. Bending over to the lower desks was causing more issues with my body, so I advocated for myself and received an accommodation for special adjustable-height desks to be put in all my classrooms.

Yesterday, when I got to my last class of the day, that desk was just...gone. Someone had taken it - for what reason, I don't know - and a classmate and I searched all over the building but couldn't find it. I'm angry that somebody would remove it, but I'm also hurt. I've run into a lot of barriers lately with rampant ableism on my campus, and this feels like the last straw. I'm so sick of the constant reminders, whether implicit or explicit, that this campus (and the world) wasn't made for people like me, that I don't belong, that I'm asking far too much by insisting on the tiniest crumbs.

Anyway, just needed to rant to others who understand how frustrating it can be to deal with stuff like this all the time - a lot of able-bodied folks seem to have trouble understanding that these incidents are never just one-offs and that the stress and impact of them is cumulative and builds over time. Thanks for listening.",492,22,"My accessible desk has been removed from classroom I'm in my last semester at university, and I use a power chair. Because the height of the chair, which is taller than manual wheelchairs, the standard accessible desks don't work for me because I can't get my legs under them. Bending over to the lower desks was causing more issues with my body, so I advocated for myself and received an accommodation for special adjustable-height desks to be put in all my classrooms.

Yesterday, when I got to my last class of the day, that desk was just...gone. Someone had taken it - for what reason, I don't know - and a classmate and I searched all over the building but couldn't find it. I'm angry that somebody would remove it, but I'm also hurt. I've run into a lot of barriers lately with rampant ableism on my campus, and this feels like the last straw. I'm so sick of the constant reminders, whether implicit or explicit, that this campus (and the world) wasn't made for people like me, that I don't belong, that I'm asking far too much by insisting on the tiniest crumbs.

Anyway, just needed to rant to others who understand how frustrating it can be to deal with stuff like this all the time - a lot of able-bodied folks seem to have trouble understanding that these incidents are never just one-offs and that the stress and impact of them is cumulative and builds over time. Thanks for listening."
1ekgqg8,27M Boyfriend comparing me (23F) to able-bodied ex,"Hey everyone, I hope this is the right subreddit. I (23F) am disabled to the point of being unable to work, drive, or have a life outside of my house. I have no family due to abuse. My boyfriend (27M) of about two years has been comparing me to his able bodied ex lately, saying things like ""at least she could drive, have friends, and work"" etc, and it is hurting me like hell.
Every time I try to confront him about it, the conversation goes like this. Does anyone have any advice for me? Thank you :')",492,397,"27M Boyfriend comparing me (23F) to able-bodied ex Hey everyone, I hope this is the right subreddit. I (23F) am disabled to the point of being unable to work, drive, or have a life outside of my house. I have no family due to abuse. My boyfriend (27M) of about two years has been comparing me to his able bodied ex lately, saying things like ""at least she could drive, have friends, and work"" etc, and it is hurting me like hell.
Every time I try to confront him about it, the conversation goes like this. Does anyone have any advice for me? Thank you :')"
1h529f5,"The ""sold-out"" ADA section at the Grizzlies NBA game. This is the third time my I have not been able to get my brother in a wheelchair into a game!",,494,198,"The ""sold-out"" ADA section at the Grizzlies NBA game. This is the third time my I have not been able to get my brother in a wheelchair into a game! "
1nux5e5,Enjoying some fresh air in my chair 🌳,Nothing beats a little time outdoors surrounded by green.,493,39,Enjoying some fresh air in my chair 🌳 Nothing beats a little time outdoors surrounded by green.
1luxshk,Disability Pride Month,"July is disability Pride month.  I think that the healthiest way to respond to shame from society is with a celebration of pride.  Pride over all we've overcome and pride in all we've accomplished despite our situation.  

You can't feel both shame and pride at the same time, so it's a good month to choose pride.

Is anyone doing anything for Disability Pride month?  I saw my local library had a single piece of paper with the disability Pride flag and I think some reading recommendations.

Unlike queer pride where there's parades and stuff to attend, I'm not sure what could be done for disability Pride month.  Thoughts? 🤔",491,32,"Disability Pride Month July is disability Pride month.  I think that the healthiest way to respond to shame from society is with a celebration of pride.  Pride over all we've overcome and pride in all we've accomplished despite our situation.  

You can't feel both shame and pride at the same time, so it's a good month to choose pride.

Is anyone doing anything for Disability Pride month?  I saw my local library had a single piece of paper with the disability Pride flag and I think some reading recommendations.

Unlike queer pride where there's parades and stuff to attend, I'm not sure what could be done for disability Pride month.  Thoughts? 🤔"
1gqetjr,A 13-Year-Old With Autism Got Arrested After His Backpack Sparked Fear. Only His Stuffed Bunny Was Inside.,,493,59,A 13-Year-Old With Autism Got Arrested After His Backpack Sparked Fear. Only His Stuffed Bunny Was Inside. 
1gky3dq,We are all so effed,Does anyone have any silver lining. If a trumpet comes in these comments expect hostility. ,492,294,We are all so effed Does anyone have any silver lining. If a trumpet comes in these comments expect hostility. 
18dttrh,"Omg, someone put it into words",,492,77,"Omg, someone put it into words "
15bxvng,Karen says I MUST use handicapped parking space ONLY.,"This morning, while getting out of my jeep at a local shop to grab a redbull, I ran into the ultimate Ableist end game Boss. Let's call her MechaKaren. MechaKaren pulled up behind where I had parked and introduced herself via a twenty second blast on the horn of her minivan. She leaned her head out the window and screamed at the top of her lungs, ""You fucking people are supposed to use the disabled spot! Why are you taking up a NORMAL PERSON'S space? How fucking rude! You should move, I need that spot."" 
I'm not kidding. She was screaming profanity at me because I wasn't using the handicapped spot (there wasn't an open handicapped spot.)  She continued to yell as I turned and went into the store, and was still there yelling for several more minutes after as well.  Marked nsfw because of the language. Anyways I hope you guys found that as hilarious as I did, because I literally cannot stop laughing.",490,121,"Karen says I MUST use handicapped parking space ONLY. This morning, while getting out of my jeep at a local shop to grab a redbull, I ran into the ultimate Ableist end game Boss. Let's call her MechaKaren. MechaKaren pulled up behind where I had parked and introduced herself via a twenty second blast on the horn of her minivan. She leaned her head out the window and screamed at the top of her lungs, ""You fucking people are supposed to use the disabled spot! Why are you taking up a NORMAL PERSON'S space? How fucking rude! You should move, I need that spot."" 
I'm not kidding. She was screaming profanity at me because I wasn't using the handicapped spot (there wasn't an open handicapped spot.)  She continued to yell as I turned and went into the store, and was still there yelling for several more minutes after as well.  Marked nsfw because of the language. Anyways I hope you guys found that as hilarious as I did, because I literally cannot stop laughing."
1lk9trf,I have to perform disability,"What bothers me the most is that I have to pretend I'm unable to do anything just to get the services I'm entitled to.  I have to put on this character to appeal to nondisableds perception of disabled.  What if I'm severely disabled and can still get a degree,  work part time,  do sports,  have sex, live independently.  Why must I pretend? ",493,243,"I have to perform disability What bothers me the most is that I have to pretend I'm unable to do anything just to get the services I'm entitled to.  I have to put on this character to appeal to nondisableds perception of disabled.  What if I'm severely disabled and can still get a degree,  work part time,  do sports,  have sex, live independently.  Why must I pretend? "
ojv5o6,Just launched my Disability Satire Blog - The Squeaky Wheel,,490,46,Just launched my Disability Satire Blog - The Squeaky Wheel 
1isy8sf,"When the abled people ask ""What's wrong?"" But you don't feel like giving your medical history in the checkout line",,486,37,"When the abled people ask ""What's wrong?"" But you don't feel like giving your medical history in the checkout line "
1igw0az,Anyone else notice how the r word was taboo for a while and now it's common again? Why?,"And I don't mean ""now"" in the sense of post-US-elections, already before that I noticed people started using it more again. I hadn't seen it in many spaces for a super long time, and now I see it used even in subreddits and online spaces that should be inclusive to disabled folks. It's very strange seeing it go from commonly used, to taboo, to used again. What happened? 

Also so often when someone says they're not comfortable with the word, the response is ""I'm autistic, I can use it."". Okay but autistic people don't speak for the entire disabled community, (nor does one autistic person speak for the entire autistic community), and using the word to insult others is just using it as a slur still, to me that's not reclaiming it, and to throw it around in spaces where you know there's people that are affected by it just feels like a shitty thing to do. I understand reclaiming a slur for yourself, but to put it on others?",489,174,"Anyone else notice how the r word was taboo for a while and now it's common again? Why? And I don't mean ""now"" in the sense of post-US-elections, already before that I noticed people started using it more again. I hadn't seen it in many spaces for a super long time, and now I see it used even in subreddits and online spaces that should be inclusive to disabled folks. It's very strange seeing it go from commonly used, to taboo, to used again. What happened? 

Also so often when someone says they're not comfortable with the word, the response is ""I'm autistic, I can use it."". Okay but autistic people don't speak for the entire disabled community, (nor does one autistic person speak for the entire autistic community), and using the word to insult others is just using it as a slur still, to me that's not reclaiming it, and to throw it around in spaces where you know there's people that are affected by it just feels like a shitty thing to do. I understand reclaiming a slur for yourself, but to put it on others?"
1kn8n0j,I WON MY DISABILITY CASE!!,"Original Post: https://www.reddit.com/r/disability/s/yzHZuJYyrw

I’m 26 years old, physically disabled since birth and also have acquired a few mental illnesses (namely C-PTSD) over my lifetime. Applied for disability in April 2024 after losing my part-time job, lawyered up, had my hearing on April 30th, 2025. 

As of today, May 15th, 2025, It’s official - I just got the paperwork from my disability judge’s decision, and he ruled Fully Favorable!!! I won my disability case!!!",480,55,"I WON MY DISABILITY CASE!! Original Post: https://www.reddit.com/r/disability/s/yzHZuJYyrw

I’m 26 years old, physically disabled since birth and also have acquired a few mental illnesses (namely C-PTSD) over my lifetime. Applied for disability in April 2024 after losing my part-time job, lawyered up, had my hearing on April 30th, 2025. 

As of today, May 15th, 2025, It’s official - I just got the paperwork from my disability judge’s decision, and he ruled Fully Favorable!!! I won my disability case!!!"
1lonsg7,You're not disabled if you can...,"This is another post that may get me wailed on. But for those of us who are young,  born disabled, have invisible disabilities,or a person of color,  people seem to hyper police our disability.  People are so comfortable with defining our disability based on what we do. God forbid you go to a concert or work a little bit. A lot of us are still trying to live our lives with a disability while the system is designed to isolate and eradicate you because you have a disability.
Nobody asks,  what it takes for you to do the actions you do.  Living a disabled life in isolation can drive you to harm yourself.  Its only human nature to crave social interaction.  If you want to do something and you have enough spoons for that day,  do it. Even if you have to get creative. If you can't do much today, don't. Relax. ",476,77,"You're not disabled if you can... This is another post that may get me wailed on. But for those of us who are young,  born disabled, have invisible disabilities,or a person of color,  people seem to hyper police our disability.  People are so comfortable with defining our disability based on what we do. God forbid you go to a concert or work a little bit. A lot of us are still trying to live our lives with a disability while the system is designed to isolate and eradicate you because you have a disability.
Nobody asks,  what it takes for you to do the actions you do.  Living a disabled life in isolation can drive you to harm yourself.  Its only human nature to crave social interaction.  If you want to do something and you have enough spoons for that day,  do it. Even if you have to get creative. If you can't do much today, don't. Relax. "
19dkz4g,"""I wish I got free government money"" please stfu","The checks leave us below the poverty line. We only get them because we have a debilitating disability. So for people to say ""oh I wish I got free government money like you"" is very insulting.",477,190,"""I wish I got free government money"" please stfu The checks leave us below the poverty line. We only get them because we have a debilitating disability. So for people to say ""oh I wish I got free government money like you"" is very insulting."
14bbnrt,I got mobility aid photos and I really wanted to share them with people who would understand my happiness,"I finally got my first wheelchair a few months back. I've used canes and rollinators for a while now, and getting this chair was such a big deal to me. Both for impact on my life, and for self acceptance. 
As well as imbracing the fact that part time wheelchair uses exist, as well as amblitory ones. 

So I got photos done to celebrate. From the same photographer who took my photo years prior, when I got my first cane, and showing off my other medical equipment. 

It was a celebration of myself, and how far I had come in loving myself.


No self promotion here, no talk about any social media or anything. I just want to share my photo, and the joy that came with it.",475,26,"I got mobility aid photos and I really wanted to share them with people who would understand my happiness I finally got my first wheelchair a few months back. I've used canes and rollinators for a while now, and getting this chair was such a big deal to me. Both for impact on my life, and for self acceptance. 
As well as imbracing the fact that part time wheelchair uses exist, as well as amblitory ones. 

So I got photos done to celebrate. From the same photographer who took my photo years prior, when I got my first cane, and showing off my other medical equipment. 

It was a celebration of myself, and how far I had come in loving myself.


No self promotion here, no talk about any social media or anything. I just want to share my photo, and the joy that came with it."
1o0v1ik,Discrimination at my job 2019,"Here’s a picture showing when I came back to you one day at work. They had put a handicap parking space by my desk and signs up saying this is space is me. One of my coworkers did this just painters tape. What happened them on here thank you. Can I still file a disability discrimination claim as this as been going on still? 


",476,123,"Discrimination at my job 2019 Here’s a picture showing when I came back to you one day at work. They had put a handicap parking space by my desk and signs up saying this is space is me. One of my coworkers did this just painters tape. What happened them on here thank you. Can I still file a disability discrimination claim as this as been going on still? 


"
1m08kzo,My 6 year old son rejected his disabled mom. HELP!,"Hello everyone. 
My wife has CP (she doesn't have balance in her left side and needs a wheelchair or a walker) we have a little son, out of nowhere he said that he wants a new mom who can walk and cook. My wife feels disheartened, because since her pregnancy she couldn't use the walker anymore and is using wheelchair. She sacrificed her health for him, I think that as he is growing up, he is realizing her disability and the extend of it in our routine. I hope it's just temporary, that he will accept her condition. He was crying and anguished while saying these things to her. 
Does anybody have experience with this? How to handle this?
Thanks in advance. ",480,78,"My 6 year old son rejected his disabled mom. HELP! Hello everyone. 
My wife has CP (she doesn't have balance in her left side and needs a wheelchair or a walker) we have a little son, out of nowhere he said that he wants a new mom who can walk and cook. My wife feels disheartened, because since her pregnancy she couldn't use the walker anymore and is using wheelchair. She sacrificed her health for him, I think that as he is growing up, he is realizing her disability and the extend of it in our routine. I hope it's just temporary, that he will accept her condition. He was crying and anguished while saying these things to her. 
Does anybody have experience with this? How to handle this?
Thanks in advance. "
1kxkd44,Update on my new chair,"My partner took this photo of me on our cinema date, and for the majority of getting to and from the cinema he didn’t have to push me! He had to help me up the steep hill twice and a couple times when I needed a rest but I managed to push myself and I’m so happy about that.

There’s a few things I’ve noticed since getting it:

1.	⁠It’s soooo much smoother! The right caster wheel doesn’t shake like crazy and cause headaches/pain

2.	⁠It’s much more comfier and I have better posture

3.	⁠The folding down handles are a blessing, no more getting pushed by strangers (most of the time) cause they have to ask how to sort the handles out - they just need lifting but they don’t know that 🤣

4.	⁠I don’t know what wheels I had before but spoked wheels are the god of wheels - so much easier to push 

5.	⁠The footplate! Oh the footplate! It’s one where I could change the depth of it if needed. Because of the issues with my ankles I have to have a bit of droop to my feet otherwise I get horrible ankle/foot pain. The footplate is great where it is and I get so much relief from said pain

The only issue that I’m having at the moment, which isn’t really to do with the chair, is neck stability. I struggle keeping my head up due to pain and it just not wanting to stay up. Any suggestions? I bought a neck pillow but it doesn’t really do anything to help

Edit: I’m gonna speak to my doctors about my neck instability but until I do I need some help haha",472,27,"Update on my new chair My partner took this photo of me on our cinema date, and for the majority of getting to and from the cinema he didn’t have to push me! He had to help me up the steep hill twice and a couple times when I needed a rest but I managed to push myself and I’m so happy about that.

There’s a few things I’ve noticed since getting it:

1.	⁠It’s soooo much smoother! The right caster wheel doesn’t shake like crazy and cause headaches/pain

2.	⁠It’s much more comfier and I have better posture

3.	⁠The folding down handles are a blessing, no more getting pushed by strangers (most of the time) cause they have to ask how to sort the handles out - they just need lifting but they don’t know that 🤣

4.	⁠I don’t know what wheels I had before but spoked wheels are the god of wheels - so much easier to push 

5.	⁠The footplate! Oh the footplate! It’s one where I could change the depth of it if needed. Because of the issues with my ankles I have to have a bit of droop to my feet otherwise I get horrible ankle/foot pain. The footplate is great where it is and I get so much relief from said pain

The only issue that I’m having at the moment, which isn’t really to do with the chair, is neck stability. I struggle keeping my head up due to pain and it just not wanting to stay up. Any suggestions? I bought a neck pillow but it doesn’t really do anything to help

Edit: I’m gonna speak to my doctors about my neck instability but until I do I need some help haha"
wnibvz,When someone says we're not discriminated against.,,471,37,When someone says we're not discriminated against. 
1eguvvt,WTF ,"I (42F, disabled) went to the pharmacy for an OTC item today. I arrived and parked legally in the last handicap space. An older woman drives up a moment later with handicap tags, notices there are no open h/c, spaces glares at me and parks across the aisle from me. She gets out with her cane - still glaring at me the entire time I proceed to get my rollator walker from my truck and she walks toward the door. She was walking fast enough to be in front of me from a parking space further away. We happened to need items from the same aisle. I had not said anything to her and didn’t return her rude glares. She positioned herself just behind my right shoulder, waited till I lifted my right hand from my walker and took her hand and lifted up and shook my fucking walker nearly making me fall. She says she wanted to know if it was lightweight bc it looked lightweight and she has one at home but it’s too heavy for her. WTF lady, I’m not over here grabbing your cane asking if it’s light weight. Don’t be a fucking ageist. Disability doesn’t discriminate by age you crazy broad! I damn near fell bc she apparently felt a person with handicap plates was supposed to predict she would come into the parking lot and she just CLEARLY should get priority picking for handicap spaces bc she’s older than me. ",461,86,"WTF  I (42F, disabled) went to the pharmacy for an OTC item today. I arrived and parked legally in the last handicap space. An older woman drives up a moment later with handicap tags, notices there are no open h/c, spaces glares at me and parks across the aisle from me. She gets out with her cane - still glaring at me the entire time I proceed to get my rollator walker from my truck and she walks toward the door. She was walking fast enough to be in front of me from a parking space further away. We happened to need items from the same aisle. I had not said anything to her and didn’t return her rude glares. She positioned herself just behind my right shoulder, waited till I lifted my right hand from my walker and took her hand and lifted up and shook my fucking walker nearly making me fall. She says she wanted to know if it was lightweight bc it looked lightweight and she has one at home but it’s too heavy for her. WTF lady, I’m not over here grabbing your cane asking if it’s light weight. Don’t be a fucking ageist. Disability doesn’t discriminate by age you crazy broad! I damn near fell bc she apparently felt a person with handicap plates was supposed to predict she would come into the parking lot and she just CLEARLY should get priority picking for handicap spaces bc she’s older than me. "
1j5bcsb,Hospital doesn't have wheelchair accessible bathrooms for in-patients,"My husband has just been admitted for emergency surgery, 12 hours after being told he needed emergency surgery. They gave me the option of waiting another hour for transport to bring him upstairs or I can push him myself. 

Before I got him set up in bed, he needed to use the bathroom. 

He is 100% non weight-bearing on both feet. 

We have been told that it's not an issue of a wheelchair accessible room being unavailable because another patient is in it, it's that they don't have any at all. 

The options he was given were using a commode, which was then canceled as a potential fall risk. He can't use a walker for obvious reasons. There is a wheelchair accessible public bathroom down the hall, but that's been nixed as he needs to be in a sterile room with the PPE for everyone who enters and all that fun stuff (he's not contagious, but at an extremely high risk of infection, as he already picked up an infection from his previous stay last month, hence why we are here tonight). 

The options I was given were to get his personal wheelchair, which isn't going to work because it's the same model as the hospital chair, or purchase, out of pocket, a narrower chair and bring it back for him to use.  I've been on unpaid FMLA for 35 days and all of our savings are going to keeping him alive. What's one more purchase, right?

I'm just at a loss for words right now. 

",462,61,"Hospital doesn't have wheelchair accessible bathrooms for in-patients My husband has just been admitted for emergency surgery, 12 hours after being told he needed emergency surgery. They gave me the option of waiting another hour for transport to bring him upstairs or I can push him myself. 

Before I got him set up in bed, he needed to use the bathroom. 

He is 100% non weight-bearing on both feet. 

We have been told that it's not an issue of a wheelchair accessible room being unavailable because another patient is in it, it's that they don't have any at all. 

The options he was given were using a commode, which was then canceled as a potential fall risk. He can't use a walker for obvious reasons. There is a wheelchair accessible public bathroom down the hall, but that's been nixed as he needs to be in a sterile room with the PPE for everyone who enters and all that fun stuff (he's not contagious, but at an extremely high risk of infection, as he already picked up an infection from his previous stay last month, hence why we are here tonight). 

The options I was given were to get his personal wheelchair, which isn't going to work because it's the same model as the hospital chair, or purchase, out of pocket, a narrower chair and bring it back for him to use.  I've been on unpaid FMLA for 35 days and all of our savings are going to keeping him alive. What's one more purchase, right?

I'm just at a loss for words right now. 

"
ijndwn,Saw this thread on Twitter and figured it belonged here.,,463,45,Saw this thread on Twitter and figured it belonged here. 
14c8v8i,"I wish I could impress upon people that you can be capable, intelligent, disciplined, and driven, and still lose everything to disability.","Anyone else here mention being disabled, IRL or on social media, and get droves of “you’re just lazy” “have you ever even had a job?” “do you even know how to cook?” type questions?  

Yes, I’ve had several jobs. I ran an entire collections department and did filing, accounts receivable, and helped with quickbooks because every time I learned a new task I streamlined it and ended up with not enough to do. Yes, I’m actually an excellent cook, and trying desperately to open a home baking business so that I can help support my family. I spent a total of five semesters over seven years slogging my way through my degree before getting hit with a constantly potentially deadly disability on top of all the ones I was born with. I was on the dean’s list at a major university! I was in five honor’s societies, including the international one for my major! I was there on scholarship! I worked while I was there.  

I love learning. I get restless when I can’t work in any way. Now that I’m homebound, my favorite activities are doing the dishes, cleaning, decorating, cooking, baking, and reading articles. I hate sitting still.  

I had dreams. I learned the hard way that holding onto those dreams does nothing but hurt people like us. You’re not un-disabled because you’re smart and on that grindset. You’re un-disabled, FOR NOW, because you’re lucky. And if it comes for you someday, your work ethic isn’t gonna save you.",464,58,"I wish I could impress upon people that you can be capable, intelligent, disciplined, and driven, and still lose everything to disability. Anyone else here mention being disabled, IRL or on social media, and get droves of “you’re just lazy” “have you ever even had a job?” “do you even know how to cook?” type questions?  

Yes, I’ve had several jobs. I ran an entire collections department and did filing, accounts receivable, and helped with quickbooks because every time I learned a new task I streamlined it and ended up with not enough to do. Yes, I’m actually an excellent cook, and trying desperately to open a home baking business so that I can help support my family. I spent a total of five semesters over seven years slogging my way through my degree before getting hit with a constantly potentially deadly disability on top of all the ones I was born with. I was on the dean’s list at a major university! I was in five honor’s societies, including the international one for my major! I was there on scholarship! I worked while I was there.  

I love learning. I get restless when I can’t work in any way. Now that I’m homebound, my favorite activities are doing the dishes, cleaning, decorating, cooking, baking, and reading articles. I hate sitting still.  

I had dreams. I learned the hard way that holding onto those dreams does nothing but hurt people like us. You’re not un-disabled because you’re smart and on that grindset. You’re un-disabled, FOR NOW, because you’re lucky. And if it comes for you someday, your work ethic isn’t gonna save you."
1i8bprm,For the record: “Fred Trump III Denounces His Uncle Donald Trump for Saying Disabled People ‘Should Just Die’”,,461,32,For the record: “Fred Trump III Denounces His Uncle Donald Trump for Saying Disabled People ‘Should Just Die’” 
1hqhto5,I don’t understand why people do this. ,"They are taking away resources from disabled people just to “cut the queue”* (more about this later), as some airports and/or airlines limit the amount of disabled passengers per flight (I have encountered this before), AND at least in my experience they don’t even get priority boarding if they board through an ambulift. Also according to my experience if you need a wheelchair to fly, you MUST get specific seats at the back of the aircraft, super close to the bathroom, so it’s not like it lets you choose the seat for free. 

Also may I say the ambulift in some airports is a horrible ride and not pleasant. ",464,199,"I don’t understand why people do this.  They are taking away resources from disabled people just to “cut the queue”* (more about this later), as some airports and/or airlines limit the amount of disabled passengers per flight (I have encountered this before), AND at least in my experience they don’t even get priority boarding if they board through an ambulift. Also according to my experience if you need a wheelchair to fly, you MUST get specific seats at the back of the aircraft, super close to the bathroom, so it’s not like it lets you choose the seat for free. 

Also may I say the ambulift in some airports is a horrible ride and not pleasant. "
lbsxvn,I contacted Reddit moderators and asked them to create a wheelchair avatar ♿️,,460,20,I contacted Reddit moderators and asked them to create a wheelchair avatar ♿️ 
1fq4on3,I never know how to reply to comments like this,,466,297,I never know how to reply to comments like this 
vujhoz,OC I was in JC Penney catalogs. They always featured my disability.,,464,33,OC I was in JC Penney catalogs. They always featured my disability. 
ot6z66,This really stuck a chord with me today. There are some days where i don’t want to be strong anymore.,,459,16,This really stuck a chord with me today. There are some days where i don’t want to be strong anymore. 
1iejgvv,URGENT: Musk and DOGE are trying to gain access to payment system that pays Social Security and Medicare benefits: call and write your Senators and Representatives,,461,74,URGENT: Musk and DOGE are trying to gain access to payment system that pays Social Security and Medicare benefits: call and write your Senators and Representatives 
151419u,Random stranger sat in my wheelchair for 'a rest'. I'm still seething.,"I recently attended my son's University graduation in my wheelchair. I can only walk or stand a short distance. 

I was given the option of staying in my chair or transferring into the sear next to my wife. My chair was taken to the side of the hall.

A man who had left his seat to take a photo of his daughter leaving the stage, decided to sit in my wheelchair whilst he was waiting. Please note there was an empty chair next to my wheelchair that he could have sat in.

My wife tells me I rather firmly (but non-verbally) told him to get out if my chair.

I was and continue to he very cross about it. I did not let it spoil the occasion but keep thinking about it.

I feel it was incredibly rude to use someone's mobility aid,  which is part of me,  without asking. I'm curious what others thoughts are.",458,164,"Random stranger sat in my wheelchair for 'a rest'. I'm still seething. I recently attended my son's University graduation in my wheelchair. I can only walk or stand a short distance. 

I was given the option of staying in my chair or transferring into the sear next to my wife. My chair was taken to the side of the hall.

A man who had left his seat to take a photo of his daughter leaving the stage, decided to sit in my wheelchair whilst he was waiting. Please note there was an empty chair next to my wheelchair that he could have sat in.

My wife tells me I rather firmly (but non-verbally) told him to get out if my chair.

I was and continue to he very cross about it. I did not let it spoil the occasion but keep thinking about it.

I feel it was incredibly rude to use someone's mobility aid,  which is part of me,  without asking. I'm curious what others thoughts are."
1h4xguu,Service dog fraud sign.,"I saw this sign while staying at a hotel, and I thought it was neat. I wish they had these in more places. Maybe it will make people who have fake service dogs think twice. I wonder if these laws have ever been enforced anywhere?",458,172,"Service dog fraud sign. I saw this sign while staying at a hotel, and I thought it was neat. I wish they had these in more places. Maybe it will make people who have fake service dogs think twice. I wonder if these laws have ever been enforced anywhere?"
1mosgp1,Cashier did it right for once.,"Just wanted to gush about a small, but positive experience I had yesterday. I'm a wheelchair user, and went grocery shopping yesterday. At the checkout, one of the items I had was a case of soda, and the cashier asked if she could put it in my backpack, which I said yes to. When she came around to put it is, she actually asked if it was ok to touch my chair! I commented that nobody ever asks that, and how much I appreciated that she did, she said ""well, it's a part of your body!""

So nice to have someone recognize that. I wish more people interacted with us the way she did.",461,17,"Cashier did it right for once. Just wanted to gush about a small, but positive experience I had yesterday. I'm a wheelchair user, and went grocery shopping yesterday. At the checkout, one of the items I had was a case of soda, and the cashier asked if she could put it in my backpack, which I said yes to. When she came around to put it is, she actually asked if it was ok to touch my chair! I commented that nobody ever asks that, and how much I appreciated that she did, she said ""well, it's a part of your body!""

So nice to have someone recognize that. I wish more people interacted with us the way she did."
1galgi3,Getting a detention for spending to much time going to the toilet and changing my diaper,"I am (15F) t12 paraplegic and have to use a wheelchair I go to school and at my school there is a disabled toilet that also has an adult changing table and a wheelchair hoist. I use both the hoist and the changing table at school.

I had a cover teacher as my teacher was sick and needed to go to the bathroom to go to the toilet and change my diaper as well. It took me about 20 minutes which Is about a usual time that it takes me But my teacher didn’t know that it takes me that long and he got annoyed and sent teachers as he thought I was skipping class but I wasn’t as I was going to the toilet and he sent people down to look for me. One came to the stall I was in and said I needed to go back to class now. Then I said I’m right in the middle of changing my diaper and she said I’ll give you 1 minute. And it took me longer about 4 minutes to get out and I got a detention for taking to long.

When I got back to lesson the teacher was annoyed and then I explained to him why it took so long and I said everything and he thought it made sense why it took so long. But he couldn’t take off the detention so I needed my mum to take the detention of. The teachers argued with my mum and said he has to serve the detension. So the next day during the detension I went to the toilet and spent 20 minutes doing the same thing but they got it that time.

",450,65,"Getting a detention for spending to much time going to the toilet and changing my diaper I am (15F) t12 paraplegic and have to use a wheelchair I go to school and at my school there is a disabled toilet that also has an adult changing table and a wheelchair hoist. I use both the hoist and the changing table at school.

I had a cover teacher as my teacher was sick and needed to go to the bathroom to go to the toilet and change my diaper as well. It took me about 20 minutes which Is about a usual time that it takes me But my teacher didn’t know that it takes me that long and he got annoyed and sent teachers as he thought I was skipping class but I wasn’t as I was going to the toilet and he sent people down to look for me. One came to the stall I was in and said I needed to go back to class now. Then I said I’m right in the middle of changing my diaper and she said I’ll give you 1 minute. And it took me longer about 4 minutes to get out and I got a detention for taking to long.

When I got back to lesson the teacher was annoyed and then I explained to him why it took so long and I said everything and he thought it made sense why it took so long. But he couldn’t take off the detention so I needed my mum to take the detention of. The teachers argued with my mum and said he has to serve the detension. So the next day during the detension I went to the toilet and spent 20 minutes doing the same thing but they got it that time.

"
1nfxxr8,"Fox’s Kilmeade suggests killing the homeless, disabled and mentally ill with involuntary lethal injection",,453,71,"Fox’s Kilmeade suggests killing the homeless, disabled and mentally ill with involuntary lethal injection "
1k06bpi,"In First Post-Presidency Speech, Biden Calls to Treat Disabled People with Dignity",,452,49,"In First Post-Presidency Speech, Biden Calls to Treat Disabled People with Dignity "
11ppqlc,My Disabled Stuffies,,454,44,My Disabled Stuffies 
1hflk2o,Is it just me or is congratulating someone on not letting their disability define them kind of insulting?,"A blind man won a celebrity dancing show here in the UK and I can see why (though I wanted the deaf woman to win because she was the best dancer there's ever been on the show) but a lot of the Reddit comments were saying 'he's so inspiring' and 'He deserved the win for not letting his disability define him.' 

Of course I'm sick of us disabled people being 'inspirational' but the 'not letting his disability define him' thing stung and I keep thinking about it. It feels ableist somehow like it's not commendable to simply survive as a disabled person in an ableist world and you have to always strive to rise above it or something. I've felt a lot of internalised ableism since becoming disabled 10 years ago and I've only just started to accept that I need to relax and stop trying to keep up with my able-bodied friends.

The other issue I feel is that there was a discourse over who deserves recognition more. The deaf woman was overlooked as she has a cochlear implant and has dance experience but its weird that the discourse was even 'who deserves the most sympathy votes' rather than 'who is the best dancer.' I'm feeing icky about the whole thing.",450,80,"Is it just me or is congratulating someone on not letting their disability define them kind of insulting? A blind man won a celebrity dancing show here in the UK and I can see why (though I wanted the deaf woman to win because she was the best dancer there's ever been on the show) but a lot of the Reddit comments were saying 'he's so inspiring' and 'He deserved the win for not letting his disability define him.' 

Of course I'm sick of us disabled people being 'inspirational' but the 'not letting his disability define him' thing stung and I keep thinking about it. It feels ableist somehow like it's not commendable to simply survive as a disabled person in an ableist world and you have to always strive to rise above it or something. I've felt a lot of internalised ableism since becoming disabled 10 years ago and I've only just started to accept that I need to relax and stop trying to keep up with my able-bodied friends.

The other issue I feel is that there was a discourse over who deserves recognition more. The deaf woman was overlooked as she has a cochlear implant and has dance experience but its weird that the discourse was even 'who deserves the most sympathy votes' rather than 'who is the best dancer.' I'm feeing icky about the whole thing."
1kbtvgd,I felt this one,,449,22,I felt this one 
1im9f00,It’s ableist to assume that everyone is capable of standing in line.,"In this technological age, there is no excuse to not being able to “wait in line” on your phone.",451,119,"It’s ableist to assume that everyone is capable of standing in line. In this technological age, there is no excuse to not being able to “wait in line” on your phone."
1dswpvc,Happy Disability Pride Month,I hope everyone has a nice (and relatively symptom free) month!,453,55,Happy Disability Pride Month I hope everyone has a nice (and relatively symptom free) month!
x1cehs,Be More Like a Pirate,,448,18,Be More Like a Pirate 
1gr7cnh,Texas is slashing $607 million in Medicaid funding from program for students with disabilities,"https://www.texastribune.org/2024/10/28/texas-shars-medicaid-special-education/

",450,70,"Texas is slashing $607 million in Medicaid funding from program for students with disabilities https://www.texastribune.org/2024/10/28/texas-shars-medicaid-special-education/

"
1g1r37k,"Treated like the devil at a religious wedding, because WHEELCHAIR","My sister and I went to an important family wedding today.  We knew it was a very evangelical church, and they knew we had wheelchairs and service dogs.  They (sister’s son and wedding party) did ask that the dogs not be present at the wedding, which is their legal right, so I opted to stay at the hotel with the dogs until the reception, where they were allowed.  

Sister’s kid chose not to assist us with any transportation, so we walked (in our wheelchairs) a mile+ to the outdoor reception with the dogs.  Now, we spent a LOT of time, money and effort we didn’t have to attend this cross country wedding.   We even dressed the way we were asked-modestly and semi formal.  (Modest meant women covered their shoulders and knees).  We get to the church and we walk up to the pavilion where there are dozens of tables and the food is being put out.  

There was no way we could find to access the party-chairs and speakers have been placed at the top of the ramp and though there may have been an indoor access, it was a huge church and we didn’t know if we were allowed inside or where the access would be.  However, there were folks everywhere (over 250 guests), and two ushers standing at the bottom of the ramp, who turned their backs and pretended they didn’t know we were there.  For an hour.  

Because it was heavy gravel on the tiny road we were on, we couldn’t really move, so we sat, in the road.  For an hour.  People walked around us, deliberately not making eye contact in some cases, in others rolling their eyes or smirking.  ONE person offered to make us a plate of food…. Not help us get up there to get our own, not help us get up there to sit down with everyone else, but go get a random plate of food to sit and eat in the street.  Alone.  Since sister has significant dietary restrictions it just wasn’t an option to have someone make a plate.  

And that was it.  We sit on this dusty road, dressed in our beautiful semi formal dresses, our dogs freshly groomed and quiet.  Hundreds of evangelical Christians walking around, laughing, enjoying the fellowship at the dinner.  The one other person who came up to me was a little kid who wanted to pet my service dog.  Apparently, the rest of them were warned not to go near the evil women with horns and wheelchairs with their service dogs.  Maybe we have leprosy?  

I don’t think anyone who wasn’t there could understand how it felt to be scorned for simply existing as myself.  

Anyone who wonders if we are overly sensitive and reading into things, (we weren’t), sister was asked repeatedly to stand for pictures (she can’t), and they took her chair from her during the wedding so nobody would see it.  (It’s a sporty-looking power chair).  There were many other people who were not members of the church who were actively welcomed and fed.

We waited for the wedding party to come back from pictures, about an hour, and left.  Sister asked someone to tell her son we were leaving, and he didn’t even look up from his dinner.  We rolled back to the hotel in the dark in our brand new dresses, never having enjoyed a single thing.  
Thousands of dollars.  
No spoons left, and a severed mother/son relationship.

So the conclusion I have come to is that these Christians* get an asterisk for hate.  Its their second or third commandment, and it replaced “love they neighbor” and “honor thy mother and father”.  My sister’s son was in charge.

*fake and hurtful “Christians”

Edit to add:  I needed to let everyone who has read this and empowered us by acknowledging we were not being entitled or bitchy.  You all have just really helped us deal with this situation so much with your concern and justified anger! 😘",446,143,"Treated like the devil at a religious wedding, because WHEELCHAIR My sister and I went to an important family wedding today.  We knew it was a very evangelical church, and they knew we had wheelchairs and service dogs.  They (sister’s son and wedding party) did ask that the dogs not be present at the wedding, which is their legal right, so I opted to stay at the hotel with the dogs until the reception, where they were allowed.  

Sister’s kid chose not to assist us with any transportation, so we walked (in our wheelchairs) a mile+ to the outdoor reception with the dogs.  Now, we spent a LOT of time, money and effort we didn’t have to attend this cross country wedding.   We even dressed the way we were asked-modestly and semi formal.  (Modest meant women covered their shoulders and knees).  We get to the church and we walk up to the pavilion where there are dozens of tables and the food is being put out.  

There was no way we could find to access the party-chairs and speakers have been placed at the top of the ramp and though there may have been an indoor access, it was a huge church and we didn’t know if we were allowed inside or where the access would be.  However, there were folks everywhere (over 250 guests), and two ushers standing at the bottom of the ramp, who turned their backs and pretended they didn’t know we were there.  For an hour.  

Because it was heavy gravel on the tiny road we were on, we couldn’t really move, so we sat, in the road.  For an hour.  People walked around us, deliberately not making eye contact in some cases, in others rolling their eyes or smirking.  ONE person offered to make us a plate of food…. Not help us get up there to get our own, not help us get up there to sit down with everyone else, but go get a random plate of food to sit and eat in the street.  Alone.  Since sister has significant dietary restrictions it just wasn’t an option to have someone make a plate.  

And that was it.  We sit on this dusty road, dressed in our beautiful semi formal dresses, our dogs freshly groomed and quiet.  Hundreds of evangelical Christians walking around, laughing, enjoying the fellowship at the dinner.  The one other person who came up to me was a little kid who wanted to pet my service dog.  Apparently, the rest of them were warned not to go near the evil women with horns and wheelchairs with their service dogs.  Maybe we have leprosy?  

I don’t think anyone who wasn’t there could understand how it felt to be scorned for simply existing as myself.  

Anyone who wonders if we are overly sensitive and reading into things, (we weren’t), sister was asked repeatedly to stand for pictures (she can’t), and they took her chair from her during the wedding so nobody would see it.  (It’s a sporty-looking power chair).  There were many other people who were not members of the church who were actively welcomed and fed.

We waited for the wedding party to come back from pictures, about an hour, and left.  Sister asked someone to tell her son we were leaving, and he didn’t even look up from his dinner.  We rolled back to the hotel in the dark in our brand new dresses, never having enjoyed a single thing.  
Thousands of dollars.  
No spoons left, and a severed mother/son relationship.

So the conclusion I have come to is that these Christians* get an asterisk for hate.  Its their second or third commandment, and it replaced “love they neighbor” and “honor thy mother and father”.  My sister’s son was in charge.

*fake and hurtful “Christians”

Edit to add:  I needed to let everyone who has read this and empowered us by acknowledging we were not being entitled or bitchy.  You all have just really helped us deal with this situation so much with your concern and justified anger! 😘"
1fpg2lk,"Trump to Cut Disability Services, Raise Rx Drug Prices and End ACA",,449,319,"Trump to Cut Disability Services, Raise Rx Drug Prices and End ACA "
1j3kh0m,I hate that Eugenics is making a comeback…and I wish to god that this madness would just stop. I am sick and tired of this.,"I cannot for the love of me understand why the Eugenics movement is making a comeback. Why are the people in charge of the government not give a single flying shit about any of us? I just wish to god that the whole entire fucking thing would just stop. That the people who think that that shit is good would just shut up and keep their fucking opinion to themselves.

I hate that a certain man whose first name begins with an E and whose last name begins with an M considers us ""parasites"". That we are considered nothing but a nuisciance and that our deaths are shrugged off by the government and that the administration that we have now doesn't give a shit about us, even if we work and are otherwise considered ""normal"". 

We are not parasites. We are not useless. We don't deserve any of this shit. Why in god's green earth do YOU see us this way? Is it because of your wealth? Is it because your parents taught you to think this way? Is it because none of you have ever taken a step in our shoes? 

I believe that it is all that and more. I just wish that they would all shut up and stop yammering that we are nothing, that we are fucking parasites. We are not. 

I cannot believe that this shit is being allowed to happen. Surprised, no, but it is still unbelievable. 

I just want to go to bed and wake up and pretend that this is all a bad dream, that this shit wasn't being allowed to happen. That we were seen and treated the way that we wanted to be treated, as human beings, not as things that need to be ""thrown away"" like garbage.

Shame on you people for your ableism allowing this movement to make a comeback. Shame on you. ",449,119,"I hate that Eugenics is making a comeback…and I wish to god that this madness would just stop. I am sick and tired of this. I cannot for the love of me understand why the Eugenics movement is making a comeback. Why are the people in charge of the government not give a single flying shit about any of us? I just wish to god that the whole entire fucking thing would just stop. That the people who think that that shit is good would just shut up and keep their fucking opinion to themselves.

I hate that a certain man whose first name begins with an E and whose last name begins with an M considers us ""parasites"". That we are considered nothing but a nuisciance and that our deaths are shrugged off by the government and that the administration that we have now doesn't give a shit about us, even if we work and are otherwise considered ""normal"". 

We are not parasites. We are not useless. We don't deserve any of this shit. Why in god's green earth do YOU see us this way? Is it because of your wealth? Is it because your parents taught you to think this way? Is it because none of you have ever taken a step in our shoes? 

I believe that it is all that and more. I just wish that they would all shut up and stop yammering that we are nothing, that we are fucking parasites. We are not. 

I cannot believe that this shit is being allowed to happen. Surprised, no, but it is still unbelievable. 

I just want to go to bed and wake up and pretend that this is all a bad dream, that this shit wasn't being allowed to happen. That we were seen and treated the way that we wanted to be treated, as human beings, not as things that need to be ""thrown away"" like garbage.

Shame on you people for your ableism allowing this movement to make a comeback. Shame on you. "
1f3i7dp,“You saw my boobies and you only want to know what happened to me??!”,"A story from maybe two years ago I thought I’d share. I’m a wheelchair user and burlesque dancer, so obviously, I dance in my chair. My first show was two years ago. I danced intermission for a drag show, it was great! I had money thrown at me lol. 

A gentleman came up to me after my performance. I was riding the high and had a couple drinks, so, feeling pretty great about myself. 

Stranger, who saw my dance: “I am soooooo sorry. But can I ask what happened to you?”

I just…was feeling great. Kinda tipsy. And didn’t feel like educating. I kinda went off on this guy. 

My exact words were: “You just saw me take all my clothes off and dance with my titties out, and all you can focus on is wHaT hApPenEd to me?? Seriously, you saw my titties, but you just NEED to know why I’m in a wheelchair? What the fuck man.”

Needless to say, I don’t think I heard his response, other than a stammered apology. I’m usually pretty patient, but my burlesque show was not that day haha. ",447,56,"“You saw my boobies and you only want to know what happened to me??!” A story from maybe two years ago I thought I’d share. I’m a wheelchair user and burlesque dancer, so obviously, I dance in my chair. My first show was two years ago. I danced intermission for a drag show, it was great! I had money thrown at me lol. 

A gentleman came up to me after my performance. I was riding the high and had a couple drinks, so, feeling pretty great about myself. 

Stranger, who saw my dance: “I am soooooo sorry. But can I ask what happened to you?”

I just…was feeling great. Kinda tipsy. And didn’t feel like educating. I kinda went off on this guy. 

My exact words were: “You just saw me take all my clothes off and dance with my titties out, and all you can focus on is wHaT hApPenEd to me?? Seriously, you saw my titties, but you just NEED to know why I’m in a wheelchair? What the fuck man.”

Needless to say, I don’t think I heard his response, other than a stammered apology. I’m usually pretty patient, but my burlesque show was not that day haha. "
ttwc90,"I live in a nursing home and my closest friend died. (Bad news) But his family donated a lift chair to me, so I can feel close to him plus it gets me out of bed for a change. (Good news). When I die I want everyone to just take anything they want from my room so that I might improve their lives too.",,447,30,"I live in a nursing home and my closest friend died. (Bad news) But his family donated a lift chair to me, so I can feel close to him plus it gets me out of bed for a change. (Good news). When I die I want everyone to just take anything they want from my room so that I might improve their lives too. "
1kdhu6t,Another disabled girlie gave me a confidence boost,"I’m ambulatory and just got my first ever custom manual wheelchair today.

I decided to go to Target tonight for my first solo trip with the chair. Was nervous as heck.
While I was trying to pull it out of my backseat and assemble it, it started pouring rain on me in the parking lot and I got overwhelmed. 

Then, when I got inside, I was still getting used to making tight turns around end-caps & just generally feeling like a loser & a poser & worrying that I’d made a terrible mistake in getting a chair and I should have just continued to make due with my crutches.

But as I was in the checkout line, another disabled girlie about my age was there with her service dog and complemented how cute my powder blue chair is.
And wow, that was the confidence boost I needed. Love getting support from other disabled queens 🥹🥲
(Also here’s my new chair. Ain’t she purty?)
(Image description: a powder blue manual wheelchair with a pink sticker on the back of Gretchen Weiners from ‘Mean Girls’ and the quote “OMG Karen, you can’t just ask people why they’re disabled”)",444,23,"Another disabled girlie gave me a confidence boost I’m ambulatory and just got my first ever custom manual wheelchair today.

I decided to go to Target tonight for my first solo trip with the chair. Was nervous as heck.
While I was trying to pull it out of my backseat and assemble it, it started pouring rain on me in the parking lot and I got overwhelmed. 

Then, when I got inside, I was still getting used to making tight turns around end-caps & just generally feeling like a loser & a poser & worrying that I’d made a terrible mistake in getting a chair and I should have just continued to make due with my crutches.

But as I was in the checkout line, another disabled girlie about my age was there with her service dog and complemented how cute my powder blue chair is.
And wow, that was the confidence boost I needed. Love getting support from other disabled queens 🥹🥲
(Also here’s my new chair. Ain’t she purty?)
(Image description: a powder blue manual wheelchair with a pink sticker on the back of Gretchen Weiners from ‘Mean Girls’ and the quote “OMG Karen, you can’t just ask people why they’re disabled”)"
z3qggx,Been having a lot of fun with my new Button/Badge maker :),,442,46,Been having a lot of fun with my new Button/Badge maker :) 
1hvdwx9,Finally I could tell someone to eff off.,I’m being productive on my own term if nobody will hire me. I admit I have the privilege of family to live with and support me.,440,48,Finally I could tell someone to eff off. I’m being productive on my own term if nobody will hire me. I admit I have the privilege of family to live with and support me.
zs52b6,Just felt like sharing these,,436,29,Just felt like sharing these 
